#
# There is insufficient memory for the Java Runtime Environment to continue.
# Native memory allocation (malloc) failed to allocate 1048576 bytes. Error detail: AllocateHeap
# Possible reasons:
#   The system is out of physical RAM or swap space
#   This process is running with CompressedOops enabled, and the Java Heap may be blocking the growth of the native heap
# Possible solutions:
#   Reduce memory load on the system
#   Increase physical memory or swap space
#   Check if swap backing store is full
#   Decrease Java heap size (-Xmx/-Xms)
#   Decrease number of Java threads
#   Decrease Java thread stack sizes (-Xss)
#   Set larger code cache with -XX:ReservedCodeCacheSize=
#   JVM is running with Unscaled Compressed Oops mode in which the Java heap is
#     placed in the first 4GB address space. The Java Heap base address is the
#     maximum limit for the native heap growth. Please use -XX:HeapBaseMinAddress
#     to set the Java Heap base and to place the Java Heap above 4GB virtual address.
# This output file may be truncated or incomplete.
#
#  Out of Memory Error (allocation.cpp:44), pid=29960, tid=15724
#
# JRE version: OpenJDK Runtime Environment Temurin-21.0.10+7 (21.0.10+7) (build 21.0.10+7-LTS)
# Java VM: OpenJDK 64-Bit Server VM Temurin-21.0.10+7 (21.0.10+7-LTS, mixed mode, sharing, tiered, compressed oops, compressed class ptrs, parallel gc, windows-amd64)
# No core dump will be written. Minidumps are not enabled by default on client versions of Windows
#

---------------  S U M M A R Y ------------

Command Line: --add-modules=ALL-SYSTEM --add-opens=java.base/java.util=ALL-UNNAMED --add-opens=java.base/java.lang=ALL-UNNAMED --add-opens=java.base/sun.nio.fs=ALL-UNNAMED -Declipse.application=org.eclipse.jdt.ls.core.id1 -Dosgi.bundles.defaultStartLevel=4 -Declipse.product=org.eclipse.jdt.ls.core.product -Djava.import.generatesMetadataFilesAtProjectRoot=false -DDetectVMInstallationsJob.disabled=true -Dfile.encoding=utf8 -XX:+UseParallelGC -XX:GCTimeRatio=4 -XX:AdaptiveSizePolicyWeight=90 -Dsun.zip.disableMemoryMapping=true -Xmx2G -Xms100m -Xlog:disable -javaagent:c:\Users\Sadhana\.vscode\extensions\redhat.java-1.53.0-win32-x64\lombok\lombok-1.18.39-4050.jar -XX:+HeapDumpOnOutOfMemoryError -XX:HeapDumpPath=c:\Users\Sadhana\AppData\Roaming\Code\User\workspaceStorage\4b34f7338464304e7377967ecd59ceea\redhat.java -Daether.dependencyCollector.impl=bf c:\Users\Sadhana\.vscode\extensions\redhat.java-1.53.0-win32-x64\server\plugins\org.eclipse.equinox.launcher_1.7.100.v20251111-0406.jar -configuration c:\Users\Sadhana\AppData\Roaming\Code\User\globalStorage\redhat.java\1.53.0\config_win -data c:\Users\Sadhana\AppData\Roaming\Code\User\workspaceStorage\4b34f7338464304e7377967ecd59ceea\redhat.java\jdt_ws --pipe=\\.\pipe\lsp-94a0c2018b43488a432be05ce058622f-sock

Host: 13th Gen Intel(R) Core(TM) i7-13650HX, 20 cores, 15G,  Windows 11 , 64 bit Build 26100 (10.0.26100.7920)
Time: Mon Mar 16 02:23:41 2026 India Standard Time elapsed time: 121505.321764 seconds (1d 9h 45m 5s)

---------------  T H R E A D  ---------------

Current thread (0x000001b8698074a0):  JavaThread "Attach Listener" daemon [_thread_in_vm, id=15724, stack(0x000000108a500000,0x000000108a600000) (1024K)]

Stack: [0x000000108a500000,0x000000108a600000]
Native frames: (J=compiled Java code, j=interpreted, Vv=VM code, C=native code)
V  [jvm.dll+0x6d7a39]
V  [jvm.dll+0x8b4b26]
V  [jvm.dll+0x8b70de]
V  [jvm.dll+0x8b77c3]
V  [jvm.dll+0x284346]
V  [jvm.dll+0xc1277]
V  [jvm.dll+0x6d82e9]
V  [jvm.dll+0x1334a6]
V  [jvm.dll+0x3f857e]
V  [jvm.dll+0x85f59d]
V  [jvm.dll+0x6d626d]
C  [ucrtbase.dll+0x37b0]
C  [KERNEL32.DLL+0x2e8d7]
C  [ntdll.dll+0x8c48c]


---------------  P R O C E S S  ---------------

Threads class SMR info:
_java_thread_list=0x000001b85706b830, length=363, elements={
0x000001b86728a140, 0x000001b8697fffd0, 0x000001b8698024b0, 0x000001b869806a40,
0x000001b8698074a0, 0x000001b8698150e0, 0x000001b869819e20, 0x000001b86981e4c0,
0x000001b842ba59a0, 0x000001b86981b1d0, 0x000001b86981a4b0, 0x000001b86981ab40,
0x000001b869819790, 0x000001b869819100, 0x000001b869817d50, 0x000001b869818a70,
0x000001b84a360c90, 0x000001b84a362040, 0x000001b84a361320, 0x000001b84a366870,
0x000001b84a366f00, 0x000001b84a3661e0, 0x000001b84a367590, 0x000001b84a364e30,
0x000001b84a3647a0, 0x000001b84a3654c0, 0x000001b84b501230, 0x000001b84b4fead0,
0x000001b84b4ff160, 0x000001b84b5018c0, 0x000001b84b500510, 0x000001b84b4fe440,
0x000001b84b501f50, 0x000001b84b4ffe80, 0x000001b84b4ff7f0, 0x000001b84b503300,
0x000001b84b502c70, 0x000001b84b5025e0, 0x000001b84b503990, 0x000001b84b500ba0,
0x000001b84b504020, 0x000001b84b5053d0, 0x000001b84b505a60, 0x000001b84b3a17e0,
0x000001b84b3a2500, 0x000001b84b39f080, 0x000001b84d70c9b0, 0x000001b84b200320,
0x000001b84b201040, 0x000001b84b2009b0, 0x000001b84b1fdbc0, 0x000001b84b2016d0,
0x000001b84b2023f0, 0x000001b84b204b50, 0x000001b856f48660, 0x000001b856648e30,
0x000001b85664a870, 0x000001b85664af00, 0x000001b856648110, 0x000001b84c51ab60,
0x000001b84c51c5a0, 0x000001b84c520740, 0x000001b84c51fa20, 0x000001b84c5200b0,
0x000001b84c51d2c0, 0x000001b856f46c20, 0x000001b856f4c800, 0x000001b856f4c170,
0x000001b856f4ce90, 0x000001b856f4b450, 0x000001b84b3a2b90, 0x000001b84b3a6010,
0x000001b84b3a45d0, 0x000001b84b3a3f40, 0x000001b84c520dd0, 0x000001b84c51f390,
0x000001b84c521460, 0x000001b84c51d950, 0x000001b85664c940, 0x000001b85664cfd0,
0x000001b84d70f110, 0x000001b84d70d6d0, 0x000001b84d70d040, 0x000001b84d70dd60,
0x000001b84d70ea80, 0x000001b84d70f7a0, 0x000001b856f47940, 0x000001b856f48cf0,
0x000001b856f4dbb0, 0x000001b856f49380, 0x000001b856f4e240, 0x000001b856649b50,
0x000001b85664a1e0, 0x000001b8566494c0, 0x000001b85664d660, 0x000001b85664f730,
0x000001b84c51e670, 0x000001b84c51dfe0, 0x000001b84c51b880, 0x000001b84c521af0,
0x000001b84b1fe250, 0x000001b84b1fe8e0, 0x000001b84b203e30, 0x000001b84b2044c0,
0x000001b84a364110, 0x000001b84a365b50, 0x000001b84a3619b0, 0x000001b84b3a4c60,
0x000001b84b3a66a0, 0x000001b85664e380, 0x000001b85664f0a0, 0x000001b84b5046b0,
0x000001b84b504d40, 0x000001b84c522180, 0x000001b861756470, 0x000001b861758540,
0x000001b861756b00, 0x000001b861757820, 0x000001b861755de0, 0x000001b8617550c0,
0x000001b861757eb0, 0x000001b861758bd0, 0x000001b86175aca0, 0x000001b86175b330,
0x000001b85f3de1f0, 0x000001b85f3dc7b0, 0x000001b85f3dba90, 0x000001b85f3de880,
0x000001b85f3db400, 0x000001b85f3dfc30, 0x000001b85f3e02c0, 0x000001b85f3def10,
0x000001b85f3dce40, 0x000001b85f3dc120, 0x000001b85f3dd4d0, 0x000001b85f3e0fe0,
0x000001b85f3e2390, 0x000001b85f3e2a20, 0x000001b86175a610, 0x000001b861755750,
0x000001b86175b9c0, 0x000001b86175c050, 0x000001b861759260, 0x000001b84b1ffc90,
0x000001b84b1fd530, 0x000001b84b201d60, 0x000001b84b202a80, 0x000001b86175c6e0,
0x000001b8617598f0, 0x000001b84d70fe30, 0x000001b856f4adc0, 0x000001b856f49a10,
0x000001b84b39f710, 0x000001b84a363a80, 0x000001b84d02bd60, 0x000001b84d02f870,
0x000001b84d02e4c0, 0x000001b84d02f1e0, 0x000001b84d02c3f0, 0x000001b84d02ca80,
0x000001b84d02de30, 0x000001b84d02d110, 0x000001b84d030c20, 0x000001b84d02ff00,
0x000001b84d030590, 0x000001b84d031fd0, 0x000001b84d02d7a0, 0x000001b84d0312b0,
0x000001b84d031940, 0x000001b84d02eb50, 0x000001b84d032cf0, 0x000001b8595b38e0,
0x000001b8595b1810, 0x000001b8595b1ea0, 0x000001b8595b1180, 0x000001b8595b2530,
0x000001b8595b2bc0, 0x000001b8595b0af0, 0x000001b8595b5320, 0x000001b8595b3250,
0x000001b8595b59b0, 0x000001b8595b6040, 0x000001b8595b6d60, 0x000001b8595b66d0,
0x000001b8595b73f0, 0x000001b8595b4600, 0x000001b8595b8110, 0x000001b8595b4c90,
0x000001b8595b3f70, 0x000001b8595b87a0, 0x000001b8595b7a80, 0x000001b8595baf00,
0x000001b8595b8e30, 0x000001b8595bc2b0, 0x000001b8595bc940, 0x000001b8595b94c0,
0x000001b8595b9b50, 0x000001b8595bcfd0, 0x000001b8595ba870, 0x000001b8595bb590,
0x000001b8595bd660, 0x000001b8595bdcf0, 0x000001b8595bbc20, 0x000001b8595ba1e0,
0x000001b8595bfdc0, 0x000001b8595be380, 0x000001b8595bea10, 0x000001b84d032660,
0x000001b84d033380, 0x000001b8635e3790, 0x000001b8635e16c0, 0x000001b8635e3e20,
0x000001b8635e1d50, 0x000001b8635e44b0, 0x000001b8635e2a70, 0x000001b8635e23e0,
0x000001b8635e5860, 0x000001b8635e3100, 0x000001b8635e1030, 0x000001b8635e5ef0,
0x000001b8635e72a0, 0x000001b8635e6c10, 0x000001b8635e6580, 0x000001b8635e7930,
0x000001b8635e51d0, 0x000001b8635ea090, 0x000001b8635ebad0, 0x000001b8635e7fc0,
0x000001b8635e4b40, 0x000001b8635e8650, 0x000001b8635e9a00, 0x000001b8635eb440,
0x000001b8635eadb0, 0x000001b8635ec160, 0x000001b8635e8ce0, 0x000001b8635ece80,
0x000001b8635ed510, 0x000001b8635edba0, 0x000001b8635ea720, 0x000001b8635ec7f0,
0x000001b8635efc70, 0x000001b8635ee230, 0x000001b8635ee8c0, 0x000001b8635e9370,
0x000001b8635eef50, 0x000001b8635ef5e0, 0x000001b8635f0300, 0x000001b8595bf730,
0x000001b8595bf0a0, 0x000001b863bd2e00, 0x000001b863bd0010, 0x000001b863bd06a0,
0x000001b863bd0d30, 0x000001b863bd2770, 0x000001b863bd3b20, 0x000001b863bd41b0,
0x000001b863bd4840, 0x000001b863bd13c0, 0x000001b863bdc4f0, 0x000001b863bdaab0,
0x000001b863bd9d90, 0x000001b863bde5c0, 0x000001b863bdec50, 0x000001b863bdcb80,
0x000001b863bdd8a0, 0x000001b863bdf2e0, 0x000001b863bddf30, 0x000001b84bd0b7e0,
0x000001b84bd089f0, 0x000001b84bd09710, 0x000001b84bd0be70, 0x000001b84bd09080,
0x000001b84bd0d220, 0x000001b84bd09da0, 0x000001b84bd0aac0, 0x000001b84bd0b150,
0x000001b84bd0d8b0, 0x000001b84bd0c500, 0x000001b84bd0cb90, 0x000001b84bd0f980,
0x000001b84bd0df40, 0x000001b84bd0f2f0, 0x000001b84bd106a0, 0x000001b84bd10010,
0x000001b84bd0e5d0, 0x000001b84bd0a430, 0x000001b84bd10d30, 0x000001b84bd0ec60,
0x000001b84bd12770, 0x000001b84bd15bf0, 0x000001b84bd12e00, 0x000001b84bd120e0,
0x000001b84bd13490, 0x000001b84bd14840, 0x000001b84bd13b20, 0x000001b84bd113c0,
0x000001b84bd16fa0, 0x000001b84bd14ed0, 0x000001b84bd141b0, 0x000001b84bd18350,
0x000001b84bd189e0, 0x000001b84bd15560, 0x000001b84bd16910, 0x000001b84bd19700,
0x000001b84bd17630, 0x000001b84bd19070, 0x000001b84bd16280, 0x000001b84bd1aab0,
0x000001b84bd19d90, 0x000001b84bd1b140, 0x000001b84bd17cc0, 0x000001b84bd1cb80,
0x000001b84bd20d20, 0x000001b84bd220d0, 0x000001b84bd241a0, 0x000001b84bd26270,
0x000001b84bd24830, 0x000001b84bd24ec0, 0x000001b84bd25550, 0x000001b84bd25be0,
0x000001b84bd22df0, 0x000001b84bd26900, 0x000001b84bd23480, 0x000001b84bd26f90,
0x000001b84bd23b10, 0x000001b84bd1d210, 0x000001b84bd1df30, 0x000001b84bd1d8a0,
0x000001b84bd1e5c0, 0x000001b84bd1c4f0, 0x000001b84bd22760, 0x000001b863bd3490,
0x000001b863bd20e0, 0x000001b863bd6910, 0x000001b863bd7cc0, 0x000001b863bd8350,
0x000001b863bd89e0, 0x000001b84bd1ec50, 0x000001b84bd1b7d0, 0x000001b84bd1be60,
0x000001b84bd1f2e0, 0x000001b84bd27620, 0x000001b84bd27cb0, 0x000001b863bd5560,
0x000001b863bd6fa0, 0x000001b863bd5bf0, 0x000001b863bdb7d0, 0x000001b863bda420,
0x000001b863bd9700, 0x000001b856f4a0a0, 0x000001b863bd9070, 0x000001b863bdb140,
0x000001b84bd20000, 0x000001b84bd20690, 0x000001b84bd1f970, 0x000001b84b1ff600,
0x000001b863bd6280, 0x000001b863bdd210, 0x000001b85f3e1d00, 0x000001b86570c190,
0x000001b86570a750, 0x000001b86570b470, 0x000001b86570c820
}

Java Threads: ( => current thread )
  0x000001b86728a140 JavaThread "main"                              [_thread_blocked, id=17268, stack(0x0000001089e00000,0x0000001089f00000) (1024K)]
  0x000001b8697fffd0 JavaThread "Reference Handler"          daemon [_thread_blocked, id=30356, stack(0x000000108a200000,0x000000108a300000) (1024K)]
  0x000001b8698024b0 JavaThread "Finalizer"                  daemon [_thread_blocked, id=26272, stack(0x000000108a300000,0x000000108a400000) (1024K)]
  0x000001b869806a40 JavaThread "Signal Dispatcher"          daemon [_thread_blocked, id=30336, stack(0x000000108a400000,0x000000108a500000) (1024K)]
=>0x000001b8698074a0 JavaThread "Attach Listener"            daemon [_thread_in_vm, id=15724, stack(0x000000108a500000,0x000000108a600000) (1024K)]
  0x000001b8698150e0 JavaThread "Service Thread"             daemon [_thread_blocked, id=21928, stack(0x000000108a600000,0x000000108a700000) (1024K)]
  0x000001b869819e20 JavaThread "Monitor Deflation Thread"   daemon [_thread_blocked, id=20052, stack(0x000000108a700000,0x000000108a800000) (1024K)]
  0x000001b86981e4c0 JavaThread "C2 CompilerThread0"         daemon [_thread_blocked, id=25668, stack(0x000000108a800000,0x000000108a900000) (1024K)]
  0x000001b842ba59a0 JavaThread "C1 CompilerThread0"         daemon [_thread_blocked, id=30108, stack(0x000000108a900000,0x000000108aa00000) (1024K)]
  0x000001b86981b1d0 JavaThread "Common-Cleaner"             daemon [_thread_blocked, id=29984, stack(0x000000108ad00000,0x000000108ae00000) (1024K)]
  0x000001b86981a4b0 JavaThread "Notification Thread"        daemon [_thread_blocked, id=29676, stack(0x000000108af00000,0x000000108b000000) (1024K)]
  0x000001b86981ab40 JavaThread "Active Thread: Equinox Container: fac29761-0139-4876-871a-c6a819bbcb94"        [_thread_blocked, id=29604, stack(0x000000108b700000,0x000000108b800000) (1024K)]
  0x000001b869819790 JavaThread "Refresh Thread: Equinox Container: fac29761-0139-4876-871a-c6a819bbcb94" daemon [_thread_blocked, id=30068, stack(0x000000108b900000,0x000000108ba00000) (1024K)]
  0x000001b869819100 JavaThread "Framework Event Dispatcher: Equinox Container: fac29761-0139-4876-871a-c6a819bbcb94" daemon [_thread_blocked, id=29976, stack(0x000000108ba00000,0x000000108bb00000) (1024K)]
  0x000001b869817d50 JavaThread "Start Level: Equinox Container: fac29761-0139-4876-871a-c6a819bbcb94" daemon [_thread_blocked, id=30340, stack(0x000000108bb00000,0x000000108bc00000) (1024K)]
  0x000001b869818a70 JavaThread "Bundle File Closer"         daemon [_thread_blocked, id=30148, stack(0x000000108bf00000,0x000000108c000000) (1024K)]
  0x000001b84a360c90 JavaThread "SCR Component Actor"        daemon [_thread_blocked, id=22080, stack(0x000000108c000000,0x000000108c100000) (1024K)]
  0x000001b84a362040 JavaThread "Worker-JM"                         [_thread_blocked, id=30376, stack(0x000000108c100000,0x000000108c200000) (1024K)]
  0x000001b84a361320 JavaThread "JNA Cleaner"                daemon [_thread_blocked, id=30472, stack(0x000000108c400000,0x000000108c500000) (1024K)]
  0x000001b84a366870 JavaThread "Java indexing"              daemon [_thread_blocked, id=14136, stack(0x000000108ca00000,0x000000108cb00000) (1024K)]
  0x000001b84a366f00 JavaThread "Thread-1"                   daemon [_thread_in_native, id=30012, stack(0x000000108cf00000,0x000000108d000000) (1024K)]
  0x000001b84a3661e0 JavaThread "Thread-2"                   daemon [_thread_in_native, id=27452, stack(0x000000108d000000,0x000000108d100000) (1024K)]
  0x000001b84a367590 JavaThread "Thread-3"                   daemon [_thread_in_native, id=10040, stack(0x000000108d100000,0x000000108d200000) (1024K)]
  0x000001b84a364e30 JavaThread "Thread-4"                   daemon [_thread_in_native, id=27900, stack(0x000000108d200000,0x000000108d300000) (1024K)]
  0x000001b84a3647a0 JavaThread "Thread-5"                   daemon [_thread_in_native, id=9296, stack(0x000000108d300000,0x000000108d400000) (1024K)]
  0x000001b84a3654c0 JavaThread "Thread-6"                   daemon [_thread_in_native, id=3100, stack(0x000000108d400000,0x000000108d500000) (1024K)]
  0x000001b84b501230 JavaThread "Thread-7"                   daemon [_thread_in_native, id=4440, stack(0x000000108d500000,0x000000108d600000) (1024K)]
  0x000001b84b4fead0 JavaThread "Thread-8"                   daemon [_thread_in_native, id=12248, stack(0x000000108d600000,0x000000108d700000) (1024K)]
  0x000001b84b4ff160 JavaThread "Thread-9"                   daemon [_thread_in_native, id=28328, stack(0x000000108d700000,0x000000108d800000) (1024K)]
  0x000001b84b5018c0 JavaThread "Thread-10"                  daemon [_thread_in_native, id=28688, stack(0x000000108d800000,0x000000108d900000) (1024K)]
  0x000001b84b500510 JavaThread "Thread-11"                  daemon [_thread_in_native, id=25404, stack(0x000000108d900000,0x000000108da00000) (1024K)]
  0x000001b84b4fe440 JavaThread "Thread-12"                  daemon [_thread_in_native, id=8836, stack(0x000000108da00000,0x000000108db00000) (1024K)]
  0x000001b84b501f50 JavaThread "Thread-13"                  daemon [_thread_in_native, id=6772, stack(0x000000108db00000,0x000000108dc00000) (1024K)]
  0x000001b84b4ffe80 JavaThread "Thread-14"                  daemon [_thread_in_native, id=26300, stack(0x000000108dc00000,0x000000108dd00000) (1024K)]
  0x000001b84b4ff7f0 JavaThread "Thread-15"                  daemon [_thread_in_native, id=27276, stack(0x000000108dd00000,0x000000108de00000) (1024K)]
  0x000001b84b503300 JavaThread "Thread-16"                  daemon [_thread_in_native, id=30436, stack(0x000000108de00000,0x000000108df00000) (1024K)]
  0x000001b84b502c70 JavaThread "Thread-17"                  daemon [_thread_in_native, id=25208, stack(0x000000108df00000,0x000000108e000000) (1024K)]
  0x000001b84b5025e0 JavaThread "Thread-18"                  daemon [_thread_in_native, id=21932, stack(0x000000108e000000,0x000000108e100000) (1024K)]
  0x000001b84b503990 JavaThread "Thread-19"                  daemon [_thread_in_native, id=23088, stack(0x000000108e100000,0x000000108e200000) (1024K)]
  0x000001b84b500ba0 JavaThread "Thread-20"                  daemon [_thread_in_native, id=29796, stack(0x000000108e200000,0x000000108e300000) (1024K)]
  0x000001b84b504020 JavaThread "Thread-21"                  daemon [_thread_in_native, id=30296, stack(0x000000108e300000,0x000000108e400000) (1024K)]
  0x000001b84b5053d0 JavaThread "pool-2-thread-1"                   [_thread_blocked, id=30332, stack(0x000000108e400000,0x000000108e500000) (1024K)]
  0x000001b84b505a60 JavaThread "WorkspaceEventsHandler"            [_thread_blocked, id=10248, stack(0x000000108e700000,0x000000108e800000) (1024K)]
  0x000001b84b3a17e0 JavaThread "pool-1-thread-1"                   [_thread_blocked, id=29892, stack(0x000000108e800000,0x000000108e900000) (1024K)]
  0x000001b84b3a2500 JavaThread "Timer-0"                           [_thread_blocked, id=30544, stack(0x000000108ab00000,0x000000108ac00000) (1024K)]
  0x000001b84b39f080 JavaThread "Timer-1"                           [_thread_blocked, id=30600, stack(0x000000108ae00000,0x000000108af00000) (1024K)]
  0x000001b84d70c9b0 JavaThread "Timer-2"                           [_thread_blocked, id=6616, stack(0x0000001091d00000,0x0000001091e00000) (1024K)]
  0x000001b84b200320 JavaThread "Timer-3"                           [_thread_blocked, id=28016, stack(0x0000001091000000,0x0000001091100000) (1024K)]
  0x000001b84b201040 JavaThread "Timer-4"                           [_thread_blocked, id=31436, stack(0x0000001091600000,0x0000001091700000) (1024K)]
  0x000001b84b2009b0 JavaThread "Timer-5"                           [_thread_blocked, id=31160, stack(0x0000001092200000,0x0000001092300000) (1024K)]
  0x000001b84b1fdbc0 JavaThread "Timer-6"                           [_thread_blocked, id=31704, stack(0x0000001092300000,0x0000001092400000) (1024K)]
  0x000001b84b2016d0 JavaThread "Timer-7"                           [_thread_blocked, id=23392, stack(0x0000001092400000,0x0000001092500000) (1024K)]
  0x000001b84b2023f0 JavaThread "Timer-8"                           [_thread_blocked, id=6444, stack(0x0000001089c00000,0x0000001089d00000) (1024K)]
  0x000001b84b204b50 JavaThread "Timer-9"                           [_thread_blocked, id=28300, stack(0x000000108c900000,0x000000108ca00000) (1024K)]
  0x000001b856f48660 JavaThread "Timer-10"                          [_thread_blocked, id=17812, stack(0x0000001092500000,0x0000001092600000) (1024K)]
  0x000001b856648e30 JavaThread "Timer-11"                          [_thread_blocked, id=33840, stack(0x000000108ee00000,0x000000108ef00000) (1024K)]
  0x000001b85664a870 JavaThread "Timer-12"                          [_thread_blocked, id=28372, stack(0x000000108ef00000,0x000000108f000000) (1024K)]
  0x000001b85664af00 JavaThread "Timer-13"                          [_thread_blocked, id=31796, stack(0x000000108b000000,0x000000108b100000) (1024K)]
  0x000001b856648110 JavaThread "Timer-14"                          [_thread_blocked, id=23228, stack(0x000000108eb00000,0x000000108ec00000) (1024K)]
  0x000001b84c51ab60 JavaThread "Timer-15"                          [_thread_blocked, id=17984, stack(0x0000001089d00000,0x0000001089e00000) (1024K)]
  0x000001b84c51c5a0 JavaThread "Timer-16"                          [_thread_blocked, id=38224, stack(0x000000108cd00000,0x000000108ce00000) (1024K)]
  0x000001b84c520740 JavaThread "Timer-17"                          [_thread_blocked, id=42372, stack(0x000000108cc00000,0x000000108cd00000) (1024K)]
  0x000001b84c51fa20 JavaThread "Timer-18"                          [_thread_blocked, id=10700, stack(0x000000108ce00000,0x000000108cf00000) (1024K)]
  0x000001b84c5200b0 JavaThread "Timer-19"                          [_thread_blocked, id=27264, stack(0x000000108e500000,0x000000108e600000) (1024K)]
  0x000001b84c51d2c0 JavaThread "Timer-20"                          [_thread_blocked, id=40524, stack(0x000000108e900000,0x000000108ea00000) (1024K)]
  0x000001b856f46c20 JavaThread "Timer-21"                          [_thread_blocked, id=11756, stack(0x000000108ea00000,0x000000108eb00000) (1024K)]
  0x000001b856f4c800 JavaThread "Timer-22"                          [_thread_blocked, id=36608, stack(0x000000108e600000,0x000000108e700000) (1024K)]
  0x000001b856f4c170 JavaThread "Timer-23"                          [_thread_blocked, id=13240, stack(0x000000108ed00000,0x000000108ee00000) (1024K)]
  0x000001b856f4ce90 JavaThread "Timer-24"                          [_thread_blocked, id=30676, stack(0x000000108f500000,0x000000108f600000) (1024K)]
  0x000001b856f4b450 JavaThread "Timer-25"                          [_thread_blocked, id=36788, stack(0x000000108f900000,0x000000108fa00000) (1024K)]
  0x000001b84b3a2b90 JavaThread "Timer-26"                          [_thread_blocked, id=18800, stack(0x000000108fb00000,0x000000108fc00000) (1024K)]
  0x000001b84b3a6010 JavaThread "Timer-27"                          [_thread_blocked, id=10256, stack(0x000000108ec00000,0x000000108ed00000) (1024K)]
  0x000001b84b3a45d0 JavaThread "Timer-28"                          [_thread_blocked, id=43300, stack(0x000000108c600000,0x000000108c700000) (1024K)]
  0x000001b84b3a3f40 JavaThread "Timer-29"                          [_thread_blocked, id=9236, stack(0x000000108c500000,0x000000108c600000) (1024K)]
  0x000001b84c520dd0 JavaThread "Timer-30"                          [_thread_blocked, id=27136, stack(0x000000108f000000,0x000000108f100000) (1024K)]
  0x000001b84c51f390 JavaThread "Timer-31"                          [_thread_blocked, id=38488, stack(0x000000108f100000,0x000000108f200000) (1024K)]
  0x000001b84c521460 JavaThread "Timer-32"                          [_thread_blocked, id=24780, stack(0x000000108f400000,0x000000108f500000) (1024K)]
  0x000001b84c51d950 JavaThread "Timer-33"                          [_thread_blocked, id=36128, stack(0x000000108f600000,0x000000108f700000) (1024K)]
  0x000001b85664c940 JavaThread "Timer-34"                          [_thread_blocked, id=9800, stack(0x000000108f200000,0x000000108f300000) (1024K)]
  0x000001b85664cfd0 JavaThread "Timer-35"                          [_thread_blocked, id=29988, stack(0x000000108fa00000,0x000000108fb00000) (1024K)]
  0x000001b84d70f110 JavaThread "Timer-36"                          [_thread_blocked, id=41808, stack(0x000000108ac00000,0x000000108ad00000) (1024K)]
  0x000001b84d70d6d0 JavaThread "Timer-37"                          [_thread_blocked, id=40120, stack(0x000000108f700000,0x000000108f800000) (1024K)]
  0x000001b84d70d040 JavaThread "Timer-38"                          [_thread_blocked, id=37812, stack(0x000000108ff00000,0x0000001090000000) (1024K)]
  0x000001b84d70dd60 JavaThread "Timer-39"                          [_thread_blocked, id=26480, stack(0x0000001090000000,0x0000001090100000) (1024K)]
  0x000001b84d70ea80 JavaThread "Timer-40"                          [_thread_blocked, id=2492, stack(0x0000001090100000,0x0000001090200000) (1024K)]
  0x000001b84d70f7a0 JavaThread "Timer-41"                          [_thread_blocked, id=16796, stack(0x0000001090300000,0x0000001090400000) (1024K)]
  0x000001b856f47940 JavaThread "Timer-42"                          [_thread_blocked, id=2976, stack(0x0000001089b00000,0x0000001089c00000) (1024K)]
  0x000001b856f48cf0 JavaThread "Timer-43"                          [_thread_blocked, id=40224, stack(0x000000108aa00000,0x000000108ab00000) (1024K)]
  0x000001b856f4dbb0 JavaThread "Timer-44"                          [_thread_blocked, id=35928, stack(0x000000108fd00000,0x000000108fe00000) (1024K)]
  0x000001b856f49380 JavaThread "Timer-45"                          [_thread_blocked, id=10172, stack(0x000000108fc00000,0x000000108fd00000) (1024K)]
  0x000001b856f4e240 JavaThread "Timer-46"                          [_thread_blocked, id=24788, stack(0x000000108fe00000,0x000000108ff00000) (1024K)]
  0x000001b856649b50 JavaThread "Timer-47"                          [_thread_blocked, id=6720, stack(0x0000001090400000,0x0000001090500000) (1024K)]
  0x000001b85664a1e0 JavaThread "Timer-48"                          [_thread_blocked, id=43940, stack(0x0000001090500000,0x0000001090600000) (1024K)]
  0x000001b8566494c0 JavaThread "Timer-49"                          [_thread_blocked, id=23648, stack(0x0000001090200000,0x0000001090300000) (1024K)]
  0x000001b85664d660 JavaThread "Timer-50"                          [_thread_blocked, id=7428, stack(0x0000001090700000,0x0000001090800000) (1024K)]
  0x000001b85664f730 JavaThread "Timer-51"                          [_thread_blocked, id=36492, stack(0x0000001090a00000,0x0000001090b00000) (1024K)]
  0x000001b84c51e670 JavaThread "Timer-52"                          [_thread_blocked, id=35724, stack(0x0000001090b00000,0x0000001090c00000) (1024K)]
  0x000001b84c51dfe0 JavaThread "Timer-53"                          [_thread_blocked, id=33172, stack(0x0000001090c00000,0x0000001090d00000) (1024K)]
  0x000001b84c51b880 JavaThread "Timer-54"                          [_thread_blocked, id=2376, stack(0x0000001090600000,0x0000001090700000) (1024K)]
  0x000001b84c521af0 JavaThread "Timer-55"                          [_thread_blocked, id=27480, stack(0x0000001090800000,0x0000001090900000) (1024K)]
  0x000001b84b1fe250 JavaThread "Timer-56"                          [_thread_blocked, id=19472, stack(0x0000001090d00000,0x0000001090e00000) (1024K)]
  0x000001b84b1fe8e0 JavaThread "Timer-57"                          [_thread_blocked, id=33956, stack(0x0000001090f00000,0x0000001091000000) (1024K)]
  0x000001b84b203e30 JavaThread "Timer-58"                          [_thread_blocked, id=24564, stack(0x0000001091100000,0x0000001091200000) (1024K)]
  0x000001b84b2044c0 JavaThread "Timer-59"                          [_thread_blocked, id=17680, stack(0x0000001091200000,0x0000001091300000) (1024K)]
  0x000001b84a364110 JavaThread "Timer-60"                          [_thread_blocked, id=36996, stack(0x0000001091400000,0x0000001091500000) (1024K)]
  0x000001b84a365b50 JavaThread "Timer-61"                          [_thread_blocked, id=26996, stack(0x0000001091300000,0x0000001091400000) (1024K)]
  0x000001b84a3619b0 JavaThread "Timer-62"                          [_thread_blocked, id=5808, stack(0x0000001091500000,0x0000001091600000) (1024K)]
  0x000001b84b3a4c60 JavaThread "Timer-63"                          [_thread_blocked, id=11648, stack(0x0000001090900000,0x0000001090a00000) (1024K)]
  0x000001b84b3a66a0 JavaThread "Timer-64"                          [_thread_blocked, id=43020, stack(0x0000001091800000,0x0000001091900000) (1024K)]
  0x000001b85664e380 JavaThread "Timer-65"                          [_thread_blocked, id=33176, stack(0x0000001091900000,0x0000001091a00000) (1024K)]
  0x000001b85664f0a0 JavaThread "Timer-66"                          [_thread_blocked, id=4456, stack(0x0000001091a00000,0x0000001091b00000) (1024K)]
  0x000001b84b5046b0 JavaThread "Timer-67"                          [_thread_blocked, id=39156, stack(0x0000001091700000,0x0000001091800000) (1024K)]
  0x000001b84b504d40 JavaThread "Timer-68"                          [_thread_blocked, id=10816, stack(0x0000001091b00000,0x0000001091c00000) (1024K)]
  0x000001b84c522180 JavaThread "Timer-69"                          [_thread_blocked, id=29104, stack(0x0000001091e00000,0x0000001091f00000) (1024K)]
  0x000001b861756470 JavaThread "Timer-70"                          [_thread_blocked, id=5228, stack(0x0000001092600000,0x0000001092700000) (1024K)]
  0x000001b861758540 JavaThread "Timer-71"                          [_thread_blocked, id=33344, stack(0x0000001092700000,0x0000001092800000) (1024K)]
  0x000001b861756b00 JavaThread "Timer-72"                          [_thread_blocked, id=36032, stack(0x0000001092800000,0x0000001092900000) (1024K)]
  0x000001b861757820 JavaThread "Timer-73"                          [_thread_blocked, id=36992, stack(0x0000001092900000,0x0000001092a00000) (1024K)]
  0x000001b861755de0 JavaThread "Timer-74"                          [_thread_blocked, id=24796, stack(0x0000001092a00000,0x0000001092b00000) (1024K)]
  0x000001b8617550c0 JavaThread "Timer-75"                          [_thread_blocked, id=38836, stack(0x0000001091c00000,0x0000001091d00000) (1024K)]
  0x000001b861757eb0 JavaThread "Timer-76"                          [_thread_blocked, id=11344, stack(0x0000001091f00000,0x0000001092000000) (1024K)]
  0x000001b861758bd0 JavaThread "Timer-77"                          [_thread_blocked, id=34684, stack(0x0000001092000000,0x0000001092100000) (1024K)]
  0x000001b86175aca0 JavaThread "Timer-78"                          [_thread_blocked, id=6844, stack(0x0000001092f00000,0x0000001093000000) (1024K)]
  0x000001b86175b330 JavaThread "Timer-79"                          [_thread_blocked, id=21892, stack(0x0000001093000000,0x0000001093100000) (1024K)]
  0x000001b85f3de1f0 JavaThread "Timer-80"                          [_thread_blocked, id=6872, stack(0x0000001093100000,0x0000001093200000) (1024K)]
  0x000001b85f3dc7b0 JavaThread "Timer-81"                          [_thread_blocked, id=39380, stack(0x0000001093700000,0x0000001093800000) (1024K)]
  0x000001b85f3dba90 JavaThread "Timer-82"                          [_thread_blocked, id=28512, stack(0x0000001093200000,0x0000001093300000) (1024K)]
  0x000001b85f3de880 JavaThread "Timer-83"                          [_thread_blocked, id=36296, stack(0x0000001093300000,0x0000001093400000) (1024K)]
  0x000001b85f3db400 JavaThread "Timer-84"                          [_thread_blocked, id=40336, stack(0x0000001092100000,0x0000001092200000) (1024K)]
  0x000001b85f3dfc30 JavaThread "Timer-85"                          [_thread_blocked, id=9180, stack(0x0000001092b00000,0x0000001092c00000) (1024K)]
  0x000001b85f3e02c0 JavaThread "Timer-86"                          [_thread_blocked, id=5456, stack(0x0000001092c00000,0x0000001092d00000) (1024K)]
  0x000001b85f3def10 JavaThread "Timer-87"                          [_thread_blocked, id=16808, stack(0x0000001092e00000,0x0000001092f00000) (1024K)]
  0x000001b85f3dce40 JavaThread "Timer-88"                          [_thread_blocked, id=39204, stack(0x0000001093400000,0x0000001093500000) (1024K)]
  0x000001b85f3dc120 JavaThread "Timer-89"                          [_thread_blocked, id=9312, stack(0x0000001093500000,0x0000001093600000) (1024K)]
  0x000001b85f3dd4d0 JavaThread "Timer-90"                          [_thread_blocked, id=37940, stack(0x0000001093800000,0x0000001093900000) (1024K)]
  0x000001b85f3e0fe0 JavaThread "Timer-91"                          [_thread_blocked, id=32156, stack(0x0000001093a00000,0x0000001093b00000) (1024K)]
  0x000001b85f3e2390 JavaThread "Timer-92"                          [_thread_blocked, id=18564, stack(0x0000001093d00000,0x0000001093e00000) (1024K)]
  0x000001b85f3e2a20 JavaThread "Timer-93"                          [_thread_blocked, id=21660, stack(0x0000001093e00000,0x0000001093f00000) (1024K)]
  0x000001b86175a610 JavaThread "Timer-94"                          [_thread_blocked, id=17372, stack(0x0000001094200000,0x0000001094300000) (1024K)]
  0x000001b861755750 JavaThread "Timer-95"                          [_thread_blocked, id=28668, stack(0x0000001094000000,0x0000001094100000) (1024K)]
  0x000001b86175b9c0 JavaThread "Timer-96"                          [_thread_blocked, id=36320, stack(0x0000001093c00000,0x0000001093d00000) (1024K)]
  0x000001b86175c050 JavaThread "Timer-97"                          [_thread_blocked, id=43784, stack(0x0000001094100000,0x0000001094200000) (1024K)]
  0x000001b861759260 JavaThread "Timer-98"                          [_thread_blocked, id=24500, stack(0x0000001094400000,0x0000001094500000) (1024K)]
  0x000001b84b1ffc90 JavaThread "Timer-99"                          [_thread_blocked, id=18732, stack(0x0000001094500000,0x0000001094600000) (1024K)]
  0x000001b84b1fd530 JavaThread "Timer-100"                         [_thread_blocked, id=36696, stack(0x0000001094700000,0x0000001094800000) (1024K)]
  0x000001b84b201d60 JavaThread "Timer-101"                         [_thread_blocked, id=43296, stack(0x0000001093f00000,0x0000001094000000) (1024K)]
  0x000001b84b202a80 JavaThread "Timer-102"                         [_thread_blocked, id=34508, stack(0x0000001094600000,0x0000001094700000) (1024K)]
  0x000001b86175c6e0 JavaThread "Timer-103"                         [_thread_blocked, id=9372, stack(0x0000001094b00000,0x0000001094c00000) (1024K)]
  0x000001b8617598f0 JavaThread "Timer-104"                         [_thread_blocked, id=39088, stack(0x0000001094c00000,0x0000001094d00000) (1024K)]
  0x000001b84d70fe30 JavaThread "Timer-105"                         [_thread_blocked, id=29208, stack(0x0000001094d00000,0x0000001094e00000) (1024K)]
  0x000001b856f4adc0 JavaThread "Timer-106"                         [_thread_blocked, id=15096, stack(0x0000001094300000,0x0000001094400000) (1024K)]
  0x000001b856f49a10 JavaThread "Timer-107"                         [_thread_blocked, id=40348, stack(0x0000001094800000,0x0000001094900000) (1024K)]
  0x000001b84b39f710 JavaThread "Timer-108"                         [_thread_blocked, id=18452, stack(0x0000001094900000,0x0000001094a00000) (1024K)]
  0x000001b84a363a80 JavaThread "Timer-109"                         [_thread_blocked, id=18632, stack(0x0000001094e00000,0x0000001094f00000) (1024K)]
  0x000001b84d02bd60 JavaThread "Timer-110"                         [_thread_blocked, id=26728, stack(0x0000001094a00000,0x0000001094b00000) (1024K)]
  0x000001b84d02f870 JavaThread "Timer-111"                         [_thread_blocked, id=13396, stack(0x0000001095000000,0x0000001095100000) (1024K)]
  0x000001b84d02e4c0 JavaThread "Timer-112"                         [_thread_blocked, id=35164, stack(0x0000001094f00000,0x0000001095000000) (1024K)]
  0x000001b84d02f1e0 JavaThread "Timer-113"                         [_thread_blocked, id=27072, stack(0x0000001095100000,0x0000001095200000) (1024K)]
  0x000001b84d02c3f0 JavaThread "Timer-114"                         [_thread_blocked, id=3484, stack(0x0000001095300000,0x0000001095400000) (1024K)]
  0x000001b84d02ca80 JavaThread "Timer-115"                         [_thread_blocked, id=21576, stack(0x0000001095200000,0x0000001095300000) (1024K)]
  0x000001b84d02de30 JavaThread "Timer-116"                         [_thread_blocked, id=30536, stack(0x0000001095500000,0x0000001095600000) (1024K)]
  0x000001b84d02d110 JavaThread "Timer-117"                         [_thread_blocked, id=1456, stack(0x0000001095700000,0x0000001095800000) (1024K)]
  0x000001b84d030c20 JavaThread "Timer-118"                         [_thread_blocked, id=41816, stack(0x0000001095800000,0x0000001095900000) (1024K)]
  0x000001b84d02ff00 JavaThread "Timer-119"                         [_thread_blocked, id=20372, stack(0x0000001095900000,0x0000001095a00000) (1024K)]
  0x000001b84d030590 JavaThread "Timer-120"                         [_thread_blocked, id=39260, stack(0x0000001095400000,0x0000001095500000) (1024K)]
  0x000001b84d031fd0 JavaThread "Timer-121"                         [_thread_blocked, id=39364, stack(0x0000001095a00000,0x0000001095b00000) (1024K)]
  0x000001b84d02d7a0 JavaThread "Timer-122"                         [_thread_blocked, id=32540, stack(0x0000001095c00000,0x0000001095d00000) (1024K)]
  0x000001b84d0312b0 JavaThread "Timer-123"                         [_thread_blocked, id=12672, stack(0x0000001095b00000,0x0000001095c00000) (1024K)]
  0x000001b84d031940 JavaThread "Timer-124"                         [_thread_blocked, id=28156, stack(0x0000001095600000,0x0000001095700000) (1024K)]
  0x000001b84d02eb50 JavaThread "Timer-125"                         [_thread_blocked, id=33264, stack(0x0000001095d00000,0x0000001095e00000) (1024K)]
  0x000001b84d032cf0 JavaThread "Timer-126"                         [_thread_blocked, id=33488, stack(0x0000001096000000,0x0000001096100000) (1024K)]
  0x000001b8595b38e0 JavaThread "Timer-127"                         [_thread_blocked, id=30052, stack(0x0000001096100000,0x0000001096200000) (1024K)]
  0x000001b8595b1810 JavaThread "Timer-128"                         [_thread_blocked, id=12192, stack(0x0000001096200000,0x0000001096300000) (1024K)]
  0x000001b8595b1ea0 JavaThread "Timer-129"                         [_thread_blocked, id=40228, stack(0x0000001096300000,0x0000001096400000) (1024K)]
  0x000001b8595b1180 JavaThread "Timer-130"                         [_thread_blocked, id=36528, stack(0x0000001096400000,0x0000001096500000) (1024K)]
  0x000001b8595b2530 JavaThread "Timer-131"                         [_thread_blocked, id=24572, stack(0x0000001096500000,0x0000001096600000) (1024K)]
  0x000001b8595b2bc0 JavaThread "Timer-132"                         [_thread_blocked, id=41196, stack(0x0000001095e00000,0x0000001095f00000) (1024K)]
  0x000001b8595b0af0 JavaThread "Timer-133"                         [_thread_blocked, id=20696, stack(0x0000001096800000,0x0000001096900000) (1024K)]
  0x000001b8595b5320 JavaThread "Timer-134"                         [_thread_blocked, id=16792, stack(0x0000001096a00000,0x0000001096b00000) (1024K)]
  0x000001b8595b3250 JavaThread "Timer-135"                         [_thread_blocked, id=508, stack(0x0000001096b00000,0x0000001096c00000) (1024K)]
  0x000001b8595b59b0 JavaThread "Timer-136"                         [_thread_blocked, id=22240, stack(0x0000001096c00000,0x0000001096d00000) (1024K)]
  0x000001b8595b6040 JavaThread "Timer-137"                         [_thread_blocked, id=6708, stack(0x0000001095f00000,0x0000001096000000) (1024K)]
  0x000001b8595b6d60 JavaThread "Timer-138"                         [_thread_blocked, id=31592, stack(0x0000001096700000,0x0000001096800000) (1024K)]
  0x000001b8595b66d0 JavaThread "Timer-139"                         [_thread_blocked, id=6936, stack(0x0000001096600000,0x0000001096700000) (1024K)]
  0x000001b8595b73f0 JavaThread "Timer-140"                         [_thread_blocked, id=42468, stack(0x0000001096900000,0x0000001096a00000) (1024K)]
  0x000001b8595b4600 JavaThread "Timer-141"                         [_thread_blocked, id=32668, stack(0x0000001096f00000,0x0000001097000000) (1024K)]
  0x000001b8595b8110 JavaThread "Timer-142"                         [_thread_blocked, id=17824, stack(0x0000001097000000,0x0000001097100000) (1024K)]
  0x000001b8595b4c90 JavaThread "Timer-143"                         [_thread_blocked, id=1584, stack(0x0000001097100000,0x0000001097200000) (1024K)]
  0x000001b8595b3f70 JavaThread "Timer-144"                         [_thread_blocked, id=24176, stack(0x0000001096d00000,0x0000001096e00000) (1024K)]
  0x000001b8595b87a0 JavaThread "Timer-145"                         [_thread_blocked, id=35548, stack(0x0000001097200000,0x0000001097300000) (1024K)]
  0x000001b8595b7a80 JavaThread "Timer-146"                         [_thread_blocked, id=36660, stack(0x0000001097400000,0x0000001097500000) (1024K)]
  0x000001b8595baf00 JavaThread "Timer-147"                         [_thread_blocked, id=17692, stack(0x0000001096e00000,0x0000001096f00000) (1024K)]
  0x000001b8595b8e30 JavaThread "Timer-148"                         [_thread_blocked, id=38612, stack(0x0000001097300000,0x0000001097400000) (1024K)]
  0x000001b8595bc2b0 JavaThread "Timer-149"                         [_thread_blocked, id=42408, stack(0x0000001097600000,0x0000001097700000) (1024K)]
  0x000001b8595bc940 JavaThread "Timer-150"                         [_thread_blocked, id=25680, stack(0x0000001097700000,0x0000001097800000) (1024K)]
  0x000001b8595b94c0 JavaThread "Timer-151"                         [_thread_blocked, id=33424, stack(0x0000001097500000,0x0000001097600000) (1024K)]
  0x000001b8595b9b50 JavaThread "Timer-152"                         [_thread_blocked, id=42780, stack(0x0000001097900000,0x0000001097a00000) (1024K)]
  0x000001b8595bcfd0 JavaThread "Timer-153"                         [_thread_blocked, id=36584, stack(0x0000001097800000,0x0000001097900000) (1024K)]
  0x000001b8595ba870 JavaThread "Timer-154"                         [_thread_blocked, id=27384, stack(0x0000001097a00000,0x0000001097b00000) (1024K)]
  0x000001b8595bb590 JavaThread "Timer-155"                         [_thread_blocked, id=34416, stack(0x0000001097b00000,0x0000001097c00000) (1024K)]
  0x000001b8595bd660 JavaThread "Timer-156"                         [_thread_blocked, id=7548, stack(0x0000001097c00000,0x0000001097d00000) (1024K)]
  0x000001b8595bdcf0 JavaThread "Timer-157"                         [_thread_blocked, id=41752, stack(0x0000001097d00000,0x0000001097e00000) (1024K)]
  0x000001b8595bbc20 JavaThread "Timer-158"                         [_thread_blocked, id=17608, stack(0x0000001097e00000,0x0000001097f00000) (1024K)]
  0x000001b8595ba1e0 JavaThread "Timer-159"                         [_thread_blocked, id=41912, stack(0x0000001097f00000,0x0000001098000000) (1024K)]
  0x000001b8595bfdc0 JavaThread "Timer-160"                         [_thread_blocked, id=41568, stack(0x0000001098100000,0x0000001098200000) (1024K)]
  0x000001b8595be380 JavaThread "Timer-161"                         [_thread_blocked, id=37752, stack(0x0000001098000000,0x0000001098100000) (1024K)]
  0x000001b8595bea10 JavaThread "Timer-162"                         [_thread_blocked, id=37116, stack(0x0000001098200000,0x0000001098300000) (1024K)]
  0x000001b84d032660 JavaThread "Timer-163"                         [_thread_blocked, id=34060, stack(0x0000001098500000,0x0000001098600000) (1024K)]
  0x000001b84d033380 JavaThread "Timer-164"                         [_thread_blocked, id=11384, stack(0x0000001098600000,0x0000001098700000) (1024K)]
  0x000001b8635e3790 JavaThread "Timer-165"                         [_thread_blocked, id=25316, stack(0x0000001098700000,0x0000001098800000) (1024K)]
  0x000001b8635e16c0 JavaThread "Timer-166"                         [_thread_blocked, id=17116, stack(0x0000001098900000,0x0000001098a00000) (1024K)]
  0x000001b8635e3e20 JavaThread "Timer-167"                         [_thread_blocked, id=31740, stack(0x0000001098800000,0x0000001098900000) (1024K)]
  0x000001b8635e1d50 JavaThread "Timer-168"                         [_thread_blocked, id=41860, stack(0x0000001098a00000,0x0000001098b00000) (1024K)]
  0x000001b8635e44b0 JavaThread "Timer-169"                         [_thread_blocked, id=43116, stack(0x0000001098300000,0x0000001098400000) (1024K)]
  0x000001b8635e2a70 JavaThread "Timer-170"                         [_thread_blocked, id=7292, stack(0x0000001098b00000,0x0000001098c00000) (1024K)]
  0x000001b8635e23e0 JavaThread "Timer-171"                         [_thread_blocked, id=35396, stack(0x0000001098d00000,0x0000001098e00000) (1024K)]
  0x000001b8635e5860 JavaThread "Timer-172"                         [_thread_blocked, id=12540, stack(0x0000001098c00000,0x0000001098d00000) (1024K)]
  0x000001b8635e3100 JavaThread "Timer-173"                         [_thread_blocked, id=25864, stack(0x0000001098400000,0x0000001098500000) (1024K)]
  0x000001b8635e1030 JavaThread "Timer-174"                         [_thread_blocked, id=40196, stack(0x0000001098e00000,0x0000001098f00000) (1024K)]
  0x000001b8635e5ef0 JavaThread "Timer-175"                         [_thread_blocked, id=10540, stack(0x0000001098f00000,0x0000001099000000) (1024K)]
  0x000001b8635e72a0 JavaThread "Timer-176"                         [_thread_blocked, id=42428, stack(0x0000001099000000,0x0000001099100000) (1024K)]
  0x000001b8635e6c10 JavaThread "Timer-177"                         [_thread_blocked, id=30908, stack(0x0000001099400000,0x0000001099500000) (1024K)]
  0x000001b8635e6580 JavaThread "Timer-178"                         [_thread_blocked, id=13448, stack(0x0000001099100000,0x0000001099200000) (1024K)]
  0x000001b8635e7930 JavaThread "Timer-179"                         [_thread_blocked, id=14768, stack(0x0000001099500000,0x0000001099600000) (1024K)]
  0x000001b8635e51d0 JavaThread "Timer-180"                         [_thread_blocked, id=40816, stack(0x0000001099300000,0x0000001099400000) (1024K)]
  0x000001b8635ea090 JavaThread "Timer-181"                         [_thread_blocked, id=34196, stack(0x0000001099700000,0x0000001099800000) (1024K)]
  0x000001b8635ebad0 JavaThread "Timer-182"                         [_thread_blocked, id=32452, stack(0x0000001099800000,0x0000001099900000) (1024K)]
  0x000001b8635e7fc0 JavaThread "Timer-183"                         [_thread_blocked, id=40592, stack(0x0000001099200000,0x0000001099300000) (1024K)]
  0x000001b8635e4b40 JavaThread "Timer-184"                         [_thread_blocked, id=22856, stack(0x0000001099900000,0x0000001099a00000) (1024K)]
  0x000001b8635e8650 JavaThread "Timer-185"                         [_thread_blocked, id=28424, stack(0x0000001099c00000,0x0000001099d00000) (1024K)]
  0x000001b8635e9a00 JavaThread "Timer-186"                         [_thread_blocked, id=31020, stack(0x0000001099d00000,0x0000001099e00000) (1024K)]
  0x000001b8635eb440 JavaThread "Timer-187"                         [_thread_blocked, id=27920, stack(0x0000001099f00000,0x000000109a000000) (1024K)]
  0x000001b8635eadb0 JavaThread "Timer-188"                         [_thread_blocked, id=25788, stack(0x0000001099600000,0x0000001099700000) (1024K)]
  0x000001b8635ec160 JavaThread "Timer-189"                         [_thread_blocked, id=32100, stack(0x0000001099e00000,0x0000001099f00000) (1024K)]
  0x000001b8635e8ce0 JavaThread "Timer-190"                         [_thread_blocked, id=17948, stack(0x000000109a100000,0x000000109a200000) (1024K)]
  0x000001b8635ece80 JavaThread "Timer-191"                         [_thread_blocked, id=36920, stack(0x000000109a300000,0x000000109a400000) (1024K)]
  0x000001b8635ed510 JavaThread "Timer-192"                         [_thread_blocked, id=3844, stack(0x000000109a400000,0x000000109a500000) (1024K)]
  0x000001b8635edba0 JavaThread "Timer-193"                         [_thread_blocked, id=17084, stack(0x000000109a500000,0x000000109a600000) (1024K)]
  0x000001b8635ea720 JavaThread "Timer-194"                         [_thread_blocked, id=32916, stack(0x000000109a000000,0x000000109a100000) (1024K)]
  0x000001b8635ec7f0 JavaThread "Timer-195"                         [_thread_blocked, id=24636, stack(0x000000109a200000,0x000000109a300000) (1024K)]
  0x000001b8635efc70 JavaThread "Timer-196"                         [_thread_blocked, id=19620, stack(0x000000109a800000,0x000000109a900000) (1024K)]
  0x000001b8635ee230 JavaThread "Timer-197"                         [_thread_blocked, id=33860, stack(0x000000109a900000,0x000000109aa00000) (1024K)]
  0x000001b8635ee8c0 JavaThread "Timer-198"                         [_thread_blocked, id=30672, stack(0x000000109aa00000,0x000000109ab00000) (1024K)]
  0x000001b8635e9370 JavaThread "Timer-199"                         [_thread_blocked, id=24568, stack(0x000000109a600000,0x000000109a700000) (1024K)]
  0x000001b8635eef50 JavaThread "Timer-200"                         [_thread_blocked, id=29184, stack(0x000000109a700000,0x000000109a800000) (1024K)]
  0x000001b8635ef5e0 JavaThread "Timer-201"                         [_thread_blocked, id=28456, stack(0x000000109ab00000,0x000000109ac00000) (1024K)]
  0x000001b8635f0300 JavaThread "Timer-202"                         [_thread_blocked, id=18028, stack(0x000000109ac00000,0x000000109ad00000) (1024K)]
  0x000001b8595bf730 JavaThread "Timer-203"                         [_thread_blocked, id=36508, stack(0x000000109ae00000,0x000000109af00000) (1024K)]
  0x000001b8595bf0a0 JavaThread "Timer-204"                         [_thread_blocked, id=29816, stack(0x000000109af00000,0x000000109b000000) (1024K)]
  0x000001b863bd2e00 JavaThread "Timer-205"                         [_thread_blocked, id=13084, stack(0x000000109ad00000,0x000000109ae00000) (1024K)]
  0x000001b863bd0010 JavaThread "Timer-206"                         [_thread_blocked, id=37256, stack(0x000000109b100000,0x000000109b200000) (1024K)]
  0x000001b863bd06a0 JavaThread "Timer-207"                         [_thread_blocked, id=18252, stack(0x000000109b000000,0x000000109b100000) (1024K)]
  0x000001b863bd0d30 JavaThread "Timer-208"                         [_thread_blocked, id=32964, stack(0x000000109b300000,0x000000109b400000) (1024K)]
  0x000001b863bd2770 JavaThread "Timer-209"                         [_thread_blocked, id=30964, stack(0x000000109b500000,0x000000109b600000) (1024K)]
  0x000001b863bd3b20 JavaThread "Timer-210"                         [_thread_blocked, id=26384, stack(0x000000109b600000,0x000000109b700000) (1024K)]
  0x000001b863bd41b0 JavaThread "Timer-211"                         [_thread_blocked, id=18664, stack(0x000000109b700000,0x000000109b800000) (1024K)]
  0x000001b863bd4840 JavaThread "Timer-212"                         [_thread_blocked, id=37324, stack(0x000000109b200000,0x000000109b300000) (1024K)]
  0x000001b863bd13c0 JavaThread "Timer-213"                         [_thread_blocked, id=35976, stack(0x000000109b400000,0x000000109b500000) (1024K)]
  0x000001b863bdc4f0 JavaThread "Timer-214"                         [_thread_blocked, id=27248, stack(0x000000109cb00000,0x000000109cc00000) (1024K)]
  0x000001b863bdaab0 JavaThread "Timer-215"                         [_thread_blocked, id=18980, stack(0x000000109cc00000,0x000000109cd00000) (1024K)]
  0x000001b863bd9d90 JavaThread "Timer-216"                         [_thread_blocked, id=3372, stack(0x000000109cd00000,0x000000109ce00000) (1024K)]
  0x000001b863bde5c0 JavaThread "Timer-217"                         [_thread_blocked, id=35372, stack(0x000000109cf00000,0x000000109d000000) (1024K)]
  0x000001b863bdec50 JavaThread "Timer-218"                         [_thread_blocked, id=15200, stack(0x000000109d100000,0x000000109d200000) (1024K)]
  0x000001b863bdcb80 JavaThread "Timer-219"                         [_thread_blocked, id=11556, stack(0x000000109d200000,0x000000109d300000) (1024K)]
  0x000001b863bdd8a0 JavaThread "Timer-220"                         [_thread_blocked, id=29632, stack(0x000000109d300000,0x000000109d400000) (1024K)]
  0x000001b863bdf2e0 JavaThread "Timer-221"                         [_thread_blocked, id=17844, stack(0x000000109ce00000,0x000000109cf00000) (1024K)]
  0x000001b863bddf30 JavaThread "Timer-222"                         [_thread_blocked, id=18072, stack(0x000000109d400000,0x000000109d500000) (1024K)]
  0x000001b84bd0b7e0 JavaThread "Timer-223"                         [_thread_blocked, id=5904, stack(0x000000109d600000,0x000000109d700000) (1024K)]
  0x000001b84bd089f0 JavaThread "Timer-224"                         [_thread_blocked, id=28832, stack(0x000000109d700000,0x000000109d800000) (1024K)]
  0x000001b84bd09710 JavaThread "Timer-225"                         [_thread_blocked, id=42136, stack(0x000000109d800000,0x000000109d900000) (1024K)]
  0x000001b84bd0be70 JavaThread "Timer-226"                         [_thread_blocked, id=33100, stack(0x000000109d000000,0x000000109d100000) (1024K)]
  0x000001b84bd09080 JavaThread "Timer-227"                         [_thread_blocked, id=36972, stack(0x000000109d900000,0x000000109da00000) (1024K)]
  0x000001b84bd0d220 JavaThread "Timer-228"                         [_thread_blocked, id=42288, stack(0x000000109db00000,0x000000109dc00000) (1024K)]
  0x000001b84bd09da0 JavaThread "Timer-229"                         [_thread_blocked, id=30388, stack(0x000000109dc00000,0x000000109dd00000) (1024K)]
  0x000001b84bd0aac0 JavaThread "Timer-230"                         [_thread_blocked, id=11836, stack(0x000000109dd00000,0x000000109de00000) (1024K)]
  0x000001b84bd0b150 JavaThread "Timer-231"                         [_thread_blocked, id=24148, stack(0x000000109d500000,0x000000109d600000) (1024K)]
  0x000001b84bd0d8b0 JavaThread "Timer-232"                         [_thread_blocked, id=4588, stack(0x000000109da00000,0x000000109db00000) (1024K)]
  0x000001b84bd0c500 JavaThread "Timer-233"                         [_thread_blocked, id=37544, stack(0x000000109de00000,0x000000109df00000) (1024K)]
  0x000001b84bd0cb90 JavaThread "Timer-234"                         [_thread_blocked, id=3012, stack(0x000000109e000000,0x000000109e100000) (1024K)]
  0x000001b84bd0f980 JavaThread "Timer-235"                         [_thread_blocked, id=40768, stack(0x000000109e200000,0x000000109e300000) (1024K)]
  0x000001b84bd0df40 JavaThread "Timer-236"                         [_thread_blocked, id=19400, stack(0x000000109e300000,0x000000109e400000) (1024K)]
  0x000001b84bd0f2f0 JavaThread "Timer-237"                         [_thread_blocked, id=36552, stack(0x000000109e400000,0x000000109e500000) (1024K)]
  0x000001b84bd106a0 JavaThread "Timer-238"                         [_thread_blocked, id=27404, stack(0x000000109e700000,0x000000109e800000) (1024K)]
  0x000001b84bd10010 JavaThread "Timer-239"                         [_thread_blocked, id=13792, stack(0x000000109e900000,0x000000109ea00000) (1024K)]
  0x000001b84bd0e5d0 JavaThread "Timer-240"                         [_thread_blocked, id=42724, stack(0x000000109e500000,0x000000109e600000) (1024K)]
  0x000001b84bd0a430 JavaThread "Timer-241"                         [_thread_blocked, id=21056, stack(0x000000109df00000,0x000000109e000000) (1024K)]
  0x000001b84bd10d30 JavaThread "Timer-242"                         [_thread_blocked, id=36812, stack(0x000000109e800000,0x000000109e900000) (1024K)]
  0x000001b84bd0ec60 JavaThread "Timer-243"                         [_thread_blocked, id=28888, stack(0x000000109ec00000,0x000000109ed00000) (1024K)]
  0x000001b84bd12770 JavaThread "Timer-244"                         [_thread_blocked, id=37656, stack(0x000000109ed00000,0x000000109ee00000) (1024K)]
  0x000001b84bd15bf0 JavaThread "Timer-245"                         [_thread_blocked, id=35384, stack(0x000000109ee00000,0x000000109ef00000) (1024K)]
  0x000001b84bd12e00 JavaThread "Timer-246"                         [_thread_blocked, id=40652, stack(0x000000109e100000,0x000000109e200000) (1024K)]
  0x000001b84bd120e0 JavaThread "Timer-247"                         [_thread_blocked, id=39136, stack(0x000000109eb00000,0x000000109ec00000) (1024K)]
  0x000001b84bd13490 JavaThread "Timer-248"                         [_thread_blocked, id=21028, stack(0x000000109ea00000,0x000000109eb00000) (1024K)]
  0x000001b84bd14840 JavaThread "Timer-249"                         [_thread_blocked, id=43100, stack(0x000000109e600000,0x000000109e700000) (1024K)]
  0x000001b84bd13b20 JavaThread "Timer-250"                         [_thread_blocked, id=43220, stack(0x000000109ef00000,0x000000109f000000) (1024K)]
  0x000001b84bd113c0 JavaThread "Timer-251"                         [_thread_blocked, id=21924, stack(0x000000109f000000,0x000000109f100000) (1024K)]
  0x000001b84bd16fa0 JavaThread "Timer-252"                         [_thread_blocked, id=43128, stack(0x000000109f100000,0x000000109f200000) (1024K)]
  0x000001b84bd14ed0 JavaThread "Timer-253"                         [_thread_blocked, id=8592, stack(0x000000109f200000,0x000000109f300000) (1024K)]
  0x000001b84bd141b0 JavaThread "Timer-254"                         [_thread_blocked, id=27532, stack(0x000000109f300000,0x000000109f400000) (1024K)]
  0x000001b84bd18350 JavaThread "Timer-255"                         [_thread_blocked, id=13536, stack(0x000000109f400000,0x000000109f500000) (1024K)]
  0x000001b84bd189e0 JavaThread "Timer-256"                         [_thread_blocked, id=10776, stack(0x000000109f700000,0x000000109f800000) (1024K)]
  0x000001b84bd15560 JavaThread "Timer-257"                         [_thread_blocked, id=21144, stack(0x000000109f800000,0x000000109f900000) (1024K)]
  0x000001b84bd16910 JavaThread "Timer-258"                         [_thread_blocked, id=28200, stack(0x000000109f600000,0x000000109f700000) (1024K)]
  0x000001b84bd19700 JavaThread "Timer-259"                         [_thread_blocked, id=18100, stack(0x000000109f900000,0x000000109fa00000) (1024K)]
  0x000001b84bd17630 JavaThread "Timer-260"                         [_thread_blocked, id=40636, stack(0x000000109fa00000,0x000000109fb00000) (1024K)]
  0x000001b84bd19070 JavaThread "Timer-261"                         [_thread_blocked, id=38124, stack(0x000000109fb00000,0x000000109fc00000) (1024K)]
  0x000001b84bd16280 JavaThread "Timer-262"                         [_thread_blocked, id=31856, stack(0x000000109fc00000,0x000000109fd00000) (1024K)]
  0x000001b84bd1aab0 JavaThread "Timer-263"                         [_thread_blocked, id=43284, stack(0x000000109fd00000,0x000000109fe00000) (1024K)]
  0x000001b84bd19d90 JavaThread "Timer-264"                         [_thread_blocked, id=30768, stack(0x000000109ff00000,0x00000010a0000000) (1024K)]
  0x000001b84bd1b140 JavaThread "Timer-265"                         [_thread_blocked, id=29072, stack(0x000000108f300000,0x000000108f400000) (1024K)]
  0x000001b84bd17cc0 JavaThread "Timer-266"                         [_thread_blocked, id=5944, stack(0x000000108f800000,0x000000108f900000) (1024K)]
  0x000001b84bd1cb80 JavaThread "Timer-267"                         [_thread_blocked, id=32728, stack(0x0000001093600000,0x0000001093700000) (1024K)]
  0x000001b84bd20d20 JavaThread "Timer-268"                         [_thread_blocked, id=18548, stack(0x0000001090e00000,0x0000001090f00000) (1024K)]
  0x000001b84bd220d0 JavaThread "Timer-269"                         [_thread_blocked, id=40820, stack(0x000000109ba00000,0x000000109bb00000) (1024K)]
  0x000001b84bd241a0 JavaThread "Timer-270"                         [_thread_blocked, id=28212, stack(0x000000109bf00000,0x000000109c000000) (1024K)]
  0x000001b84bd26270 JavaThread "Timer-271"                         [_thread_blocked, id=15144, stack(0x000000109bc00000,0x000000109bd00000) (1024K)]
  0x000001b84bd24830 JavaThread "Timer-272"                         [_thread_blocked, id=43052, stack(0x000000109be00000,0x000000109bf00000) (1024K)]
  0x000001b84bd24ec0 JavaThread "Timer-273"                         [_thread_blocked, id=5124, stack(0x000000109c000000,0x000000109c100000) (1024K)]
  0x000001b84bd25550 JavaThread "Timer-274"                         [_thread_blocked, id=21792, stack(0x000000109c100000,0x000000109c200000) (1024K)]
  0x000001b84bd25be0 JavaThread "Timer-275"                         [_thread_blocked, id=40424, stack(0x000000109c300000,0x000000109c400000) (1024K)]
  0x000001b84bd22df0 JavaThread "Timer-276"                         [_thread_blocked, id=40844, stack(0x000000109c200000,0x000000109c300000) (1024K)]
  0x000001b84bd26900 JavaThread "Timer-277"                         [_thread_blocked, id=22312, stack(0x000000109c400000,0x000000109c500000) (1024K)]
  0x000001b84bd23480 JavaThread "Timer-278"                         [_thread_blocked, id=39516, stack(0x000000109c600000,0x000000109c700000) (1024K)]
  0x000001b84bd26f90 JavaThread "Timer-279"                         [_thread_blocked, id=39176, stack(0x000000109c700000,0x000000109c800000) (1024K)]
  0x000001b84bd23b10 JavaThread "Timer-280"                         [_thread_blocked, id=11232, stack(0x000000109ca00000,0x000000109cb00000) (1024K)]
  0x000001b84bd1d210 JavaThread "Timer-281"                         [_thread_blocked, id=39032, stack(0x000000108cb00000,0x000000108cc00000) (1024K)]
  0x000001b84bd1df30 JavaThread "Timer-282"                         [_thread_blocked, id=5384, stack(0x0000001093900000,0x0000001093a00000) (1024K)]
  0x000001b84bd1d8a0 JavaThread "Timer-283"                         [_thread_blocked, id=16616, stack(0x000000109b900000,0x000000109ba00000) (1024K)]
  0x000001b84bd1e5c0 JavaThread "Timer-284"                         [_thread_blocked, id=27556, stack(0x000000109b800000,0x000000109b900000) (1024K)]
  0x000001b84bd1c4f0 JavaThread "Timer-285"                         [_thread_blocked, id=26704, stack(0x000000109c500000,0x000000109c600000) (1024K)]
  0x000001b84bd22760 JavaThread "Timer-286"                         [_thread_blocked, id=33808, stack(0x000000109c800000,0x000000109c900000) (1024K)]
  0x000001b863bd3490 JavaThread "Timer-287"                         [_thread_blocked, id=33688, stack(0x000000109bd00000,0x000000109be00000) (1024K)]
  0x000001b863bd20e0 JavaThread "Timer-288"                         [_thread_blocked, id=28648, stack(0x000000109c900000,0x000000109ca00000) (1024K)]
  0x000001b863bd6910 JavaThread "Timer-289"                         [_thread_blocked, id=35552, stack(0x000000109fe00000,0x000000109ff00000) (1024K)]
  0x000001b863bd7cc0 JavaThread "Timer-290"                         [_thread_blocked, id=40152, stack(0x000000109f500000,0x000000109f600000) (1024K)]
  0x000001b863bd8350 JavaThread "Timer-291"                         [_thread_blocked, id=43060, stack(0x00000010a0400000,0x00000010a0500000) (1024K)]
  0x000001b863bd89e0 JavaThread "Timer-292"                         [_thread_blocked, id=40024, stack(0x00000010a0500000,0x00000010a0600000) (1024K)]
  0x000001b84bd1ec50 JavaThread "Timer-293"                         [_thread_blocked, id=31692, stack(0x000000109bb00000,0x000000109bc00000) (1024K)]
  0x000001b84bd1b7d0 JavaThread "Timer-294"                         [_thread_blocked, id=25536, stack(0x00000010a0000000,0x00000010a0100000) (1024K)]
  0x000001b84bd1be60 JavaThread "Timer-295"                         [_thread_blocked, id=32036, stack(0x00000010a0200000,0x00000010a0300000) (1024K)]
  0x000001b84bd1f2e0 JavaThread "Timer-296"                         [_thread_blocked, id=22076, stack(0x00000010a0100000,0x00000010a0200000) (1024K)]
  0x000001b84bd27620 JavaThread "Timer-297"                         [_thread_blocked, id=40776, stack(0x00000010a0900000,0x00000010a0a00000) (1024K)]
  0x000001b84bd27cb0 JavaThread "Timer-298"                         [_thread_blocked, id=3040, stack(0x00000010a0a00000,0x00000010a0b00000) (1024K)]
  0x000001b863bd5560 JavaThread "Timer-299"                         [_thread_blocked, id=26864, stack(0x0000001093b00000,0x0000001093c00000) (1024K)]
  0x000001b863bd6fa0 JavaThread "Timer-300"                         [_thread_blocked, id=25144, stack(0x00000010a0600000,0x00000010a0700000) (1024K)]
  0x000001b863bd5bf0 JavaThread "Timer-301"                         [_thread_blocked, id=44576, stack(0x00000010a0800000,0x00000010a0900000) (1024K)]
  0x000001b863bdb7d0 JavaThread "Timer-302"                         [_thread_blocked, id=28948, stack(0x00000010a0700000,0x00000010a0800000) (1024K)]
  0x000001b863bda420 JavaThread "Timer-303"                         [_thread_blocked, id=1076, stack(0x00000010a0f00000,0x00000010a1000000) (1024K)]
  0x000001b863bd9700 JavaThread "Timer-304"                         [_thread_blocked, id=26188, stack(0x00000010a1000000,0x00000010a1100000) (1024K)]
  0x000001b856f4a0a0 JavaThread "Timer-305"                         [_thread_blocked, id=23232, stack(0x0000001092d00000,0x0000001092e00000) (1024K)]
  0x000001b863bd9070 JavaThread "Timer-306"                         [_thread_blocked, id=44736, stack(0x00000010a0c00000,0x00000010a0d00000) (1024K)]
  0x000001b863bdb140 JavaThread "Timer-307"                         [_thread_blocked, id=43656, stack(0x00000010a0e00000,0x00000010a0f00000) (1024K)]
  0x000001b84bd20000 JavaThread "Timer-308"                         [_thread_blocked, id=2800, stack(0x00000010a1300000,0x00000010a1400000) (1024K)]
  0x000001b84bd20690 JavaThread "Timer-309"                         [_thread_blocked, id=38628, stack(0x00000010a1500000,0x00000010a1600000) (1024K)]
  0x000001b84bd1f970 JavaThread "Timer-310"                         [_thread_blocked, id=26332, stack(0x00000010a1600000,0x00000010a1700000) (1024K)]
  0x000001b84b1ff600 JavaThread "Timer-311"                         [_thread_blocked, id=31760, stack(0x00000010a0300000,0x00000010a0400000) (1024K)]
  0x000001b863bd6280 JavaThread "Timer-312"                         [_thread_blocked, id=13684, stack(0x00000010a0b00000,0x00000010a0c00000) (1024K)]
  0x000001b863bdd210 JavaThread "Timer-313"                         [_thread_blocked, id=24316, stack(0x00000010a1400000,0x00000010a1500000) (1024K)]
  0x000001b85f3e1d00 JavaThread "Timer-314"                         [_thread_blocked, id=22576, stack(0x00000010a1100000,0x00000010a1200000) (1024K)]
  0x000001b86570c190 JavaThread "Timer-315"                         [_thread_blocked, id=30400, stack(0x00000010a1b00000,0x00000010a1c00000) (1024K)]
  0x000001b86570a750 JavaThread "Timer-316"                         [_thread_blocked, id=18796, stack(0x00000010a1c00000,0x00000010a1d00000) (1024K)]
  0x000001b86570b470 JavaThread "Worker-66"                         [_thread_blocked, id=39100, stack(0x00000010a1200000,0x00000010a1300000) (1024K)]
  0x000001b86570c820 JavaThread "Worker-67"                         [_thread_blocked, id=3036, stack(0x00000010a1700000,0x00000010a1800000) (1024K)]
Total: 363

Other Threads:
  0x000001b8005e4940 VMThread "VM Thread"                           [id=30572, stack(0x000000108a100000,0x000000108a200000) (1024K)]
  0x000001b8004dca10 WatcherThread "VM Periodic Task Thread"        [id=2252, stack(0x000000108a000000,0x000000108a100000) (1024K)]
  0x000001b86977ca40 WorkerThread "GC Thread#0"                     [id=30116, stack(0x0000001089f00000,0x000000108a000000) (1024K)]
  0x000001b849578560 WorkerThread "GC Thread#1"                     [id=30000, stack(0x000000108b100000,0x000000108b200000) (1024K)]
  0x000001b849b47000 WorkerThread "GC Thread#2"                     [id=20924, stack(0x000000108b200000,0x000000108b300000) (1024K)]
  0x000001b849b473b0 WorkerThread "GC Thread#3"                     [id=18864, stack(0x000000108b300000,0x000000108b400000) (1024K)]
  0x000001b849b47760 WorkerThread "GC Thread#4"                     [id=30556, stack(0x000000108b400000,0x000000108b500000) (1024K)]
  0x000001b849b47b10 WorkerThread "GC Thread#5"                     [id=2164, stack(0x000000108b500000,0x000000108b600000) (1024K)]
  0x000001b849896750 WorkerThread "GC Thread#6"                     [id=29568, stack(0x000000108b600000,0x000000108b700000) (1024K)]
  0x000001b8499baf20 WorkerThread "GC Thread#7"                     [id=30360, stack(0x000000108b800000,0x000000108b900000) (1024K)]
  0x000001b849ced7f0 WorkerThread "GC Thread#8"                     [id=7832, stack(0x000000108bc00000,0x000000108bd00000) (1024K)]
  0x000001b849cedba0 WorkerThread "GC Thread#9"                     [id=29884, stack(0x000000108bd00000,0x000000108be00000) (1024K)]
  0x000001b849cedf50 WorkerThread "GC Thread#10"                    [id=29772, stack(0x000000108be00000,0x000000108bf00000) (1024K)]
  0x000001b84a071090 WorkerThread "GC Thread#11"                    [id=30168, stack(0x000000108c200000,0x000000108c300000) (1024K)]
  0x000001b84a071440 WorkerThread "GC Thread#12"                    [id=29992, stack(0x000000108c300000,0x000000108c400000) (1024K)]
  0x000001b84a070930 WorkerThread "GC Thread#13"                    [id=12488, stack(0x000000108c700000,0x000000108c800000) (1024K)]
  0x000001b84a0717f0 WorkerThread "GC Thread#14"                    [id=5896, stack(0x000000108c800000,0x000000108c900000) (1024K)]
Total: 17

Threads with active compile tasks:
Total: 0

VM state: not at safepoint (normal execution)

VM Mutex/Monitor currently owned by a thread: None

Heap address: 0x0000000080000000, size: 2048 MB, Compressed Oops mode: 32-bit

CDS archive(s) mapped at: [0x000001b801000000-0x000001b801ba0000-0x000001b801ba0000), size 12189696, SharedBaseAddress: 0x000001b801000000, ArchiveRelocationMode: 1.
Compressed class space mapped at: 0x000001b802000000-0x000001b842000000, reserved size: 1073741824
Narrow klass base: 0x000001b801000000, Narrow klass shift: 0, Narrow klass range: 0x100000000

GC Precious Log:
 CardTable entry size: 512
 CPUs: 20 total, 20 available
 Memory: 16068M
 Large Page Support: Disabled
 NUMA Support: Disabled
 Compressed Oops: Enabled (32-bit)
 Alignments: Space 512K, Generation 512K, Heap 2M
 Heap Min Capacity: 100M
 Heap Initial Capacity: 100M
 Heap Max Capacity: 2G
 Pre-touch: Disabled
 Parallel Workers: 15

Heap:
 PSYoungGen      total 10240K, used 7641K [0x00000000d5580000, 0x00000000d6180000, 0x0000000100000000)
  eden space 8192K, 71% used [0x00000000d5580000,0x00000000d5b3e7d0,0x00000000d5d80000)
  from space 2048K, 85% used [0x00000000d5f80000,0x00000000d6138010,0x00000000d6180000)
  to   space 2048K, 0% used [0x00000000d5d80000,0x00000000d5d80000,0x00000000d5f80000)
 ParOldGen       total 571392K, used 571173K [0x0000000080000000, 0x00000000a2e00000, 0x00000000d5580000)
  object space 571392K, 99% used [0x0000000080000000,0x00000000a2dc9420,0x00000000a2e00000)
 Metaspace       used 115261K, committed 117568K, reserved 1179648K
  class space    used 14440K, committed 15552K, reserved 1048576K

Card table byte_map: [0x000001b869100000,0x000001b869510000] _byte_map_base: 0x000001b868d00000

Marking Bits: (ParMarkBitMap*) 0x00007ffd34f83450
 Begin Bits: [0x000001b87bc10000, 0x000001b87dc10000)
 End Bits:   [0x000001b87dc10000, 0x000001b87fc10000)

Polling page: 0x000001b867560000

Metaspace:

Usage:
  Non-class:     98.46 MB used.
      Class:     14.10 MB used.
       Both:    112.56 MB used.

Virtual space:
  Non-class space:      128.00 MB reserved,      99.62 MB ( 78%) committed,  2 nodes.
      Class space:        1.00 GB reserved,      15.19 MB (  1%) committed,  1 nodes.
             Both:        1.12 GB reserved,     114.81 MB ( 10%) committed. 

Chunk freelists:
   Non-Class:  11.72 MB
       Class:  874.00 KB
        Both:  12.57 MB

MaxMetaspaceSize: unlimited
CompressedClassSpaceSize: 1.00 GB
Initial GC threshold: 21.00 MB
Current GC threshold: 185.88 MB
CDS: on
 - commit_granule_bytes: 65536.
 - commit_granule_words: 8192.
 - virtual_space_node_default_size: 8388608.
 - enlarge_chunks_in_place: 1.
 - use_allocation_guard: 0.


Internal statistics:

num_allocs_failed_limit: 9.
num_arena_births: 2888.
num_arena_deaths: 534.
num_vsnodes_births: 3.
num_vsnodes_deaths: 0.
num_space_committed: 1837.
num_space_uncommitted: 0.
num_chunks_returned_to_freelist: 644.
num_chunks_taken_from_freelist: 8809.
num_chunk_merges: 179.
num_chunk_splits: 5214.
num_chunks_enlarged: 3045.
num_inconsistent_stats: 0.

CodeHeap 'non-profiled nmethods': size=119168Kb used=23025Kb max_used=23025Kb free=96142Kb
 bounds [0x000001b874500000, 0x000001b875b80000, 0x000001b87b960000]
CodeHeap 'profiled nmethods': size=119104Kb used=40435Kb max_used=42280Kb free=78668Kb
 bounds [0x000001b86c960000, 0x000001b86f2b0000, 0x000001b873db0000]
CodeHeap 'non-nmethods': size=7488Kb used=1510Kb max_used=3211Kb free=5977Kb
 bounds [0x000001b873db0000, 0x000001b8740e0000, 0x000001b874500000]
CodeCache: size=245760Kb, used=64970Kb, max_used=68516Kb, free=180787Kb
 total_blobs=19162, nmethods=18336, adapters=731, full_count=0
Compilation: enabled, stopped_count=0, restarted_count=0

Compilation events (20 events):
Event: 113313.523 Thread 0x000001b842ba59a0 22423       3       com.google.common.collect.Iterators$ArrayItr::get (12 bytes)
Event: 113313.523 Thread 0x000001b842ba59a0 nmethod 22423 0x000001b86e73a090 code [0x000001b86e73a240, 0x000001b86e73a380]
Event: 113313.552 Thread 0x000001b842ba59a0 22424       1       org.gradle.plugins.ide.internal.tooling.model.LaunchableGradleTask::getName (5 bytes)
Event: 113313.552 Thread 0x000001b842ba59a0 nmethod 22424 0x000001b875b7a990 code [0x000001b875b7ab20, 0x000001b875b7abe8]
Event: 113313.552 Thread 0x000001b842ba59a0 22425       3       java.lang.invoke.LambdaForm$MH/0x000001b802f25400::invoke (42 bytes)
Event: 113313.554 Thread 0x000001b842ba59a0 nmethod 22425 0x000001b86e739290 code [0x000001b86e7394c0, 0x000001b86e739e00]
Event: 113313.560 Thread 0x000001b86981e4c0 22426   !   4       org.eclipse.core.internal.resources.WorkspaceRoot::getProjects (85 bytes)
Event: 113313.581 Thread 0x000001b86981e4c0 nmethod 22426 0x000001b875b7ac90 code [0x000001b875b7ae60, 0x000001b875b7b298]
Event: 113537.000 Thread 0x000001b842ba59a0 22427       3       org.eclipse.jdt.internal.core.ModuleUpdater::addReadUnnamedForNonEmptyClasspath (55 bytes)
Event: 113537.026 Thread 0x000001b842ba59a0 nmethod 22427 0x000001b86e738710 code [0x000001b86e738940, 0x000001b86e739018]
Event: 113583.945 Thread 0x000001b86981e4c0 22428       4       org.eclipse.core.internal.preferences.EclipsePreferences::get (16 bytes)
Event: 113583.946 Thread 0x000001b86981e4c0 nmethod 22428 0x000001b875b7b510 code [0x000001b875b7b6a0, 0x000001b875b7b758]
Event: 113804.493 Thread 0x000001b86981e4c0 22429   !   4       java.nio.HeapCharBuffer::toString (30 bytes)
Event: 113804.498 Thread 0x000001b86981e4c0 nmethod 22429 0x000001b875b7b810 code [0x000001b875b7b9e0, 0x000001b875b7c0f8]
Event: 114155.690 Thread 0x000001b842ba59a0 22430   !   3       org.eclipse.jdt.ls.core.internal.JDTUtils::isJavaFile (34 bytes)
Event: 114155.718 Thread 0x000001b842ba59a0 nmethod 22430 0x000001b86e737b10 code [0x000001b86e737d60, 0x000001b86e738488]
Event: 115682.655 Thread 0x000001b842ba59a0 22431   !   3       org.eclipse.jdt.ls.core.internal.JDTUtils::getFakeCompilationUnit (325 bytes)
Event: 115682.859 Thread 0x000001b842ba59a0 nmethod 22431 0x000001b86e0fc890 code [0x000001b86e0fd060, 0x000001b86e100ec8]
Event: 116313.626 Thread 0x000001b86981e4c0 22432       4       jdk.internal.misc.InnocuousThread::eraseThreadLocals (23 bytes)
Event: 116313.631 Thread 0x000001b86981e4c0 nmethod 22432 0x000001b875b7c490 code [0x000001b875b7c620, 0x000001b875b7c6b0]

GC Heap History (20 events):
Event: 105658.486 GC heap before
{Heap before GC invocations=7074 (full 5):
 PSYoungGen      total 10240K, used 10080K [0x00000000d5580000, 0x00000000d6080000, 0x0000000100000000)
  eden space 9728K, 100% used [0x00000000d5580000,0x00000000d5f00000,0x00000000d5f00000)
  from space 512K, 68% used [0x00000000d6000000,0x00000000d6058000,0x00000000d6080000)
  to   space 512K, 0% used [0x00000000d5f00000,0x00000000d5f00000,0x00000000d5f80000)
 ParOldGen       total 570368K, used 570067K [0x0000000080000000, 0x00000000a2d00000, 0x00000000d5580000)
  object space 570368K, 99% used [0x0000000080000000,0x00000000a2cb4ea8,0x00000000a2d00000)
 Metaspace       used 114996K, committed 117248K, reserved 1179648K
  class space    used 14405K, committed 15488K, reserved 1048576K
}
Event: 105658.488 GC heap after
{Heap after GC invocations=7074 (full 5):
 PSYoungGen      total 10240K, used 416K [0x00000000d5580000, 0x00000000d6080000, 0x0000000100000000)
  eden space 9728K, 0% used [0x00000000d5580000,0x00000000d5580000,0x00000000d5f00000)
  from space 512K, 81% used [0x00000000d5f00000,0x00000000d5f68000,0x00000000d5f80000)
  to   space 512K, 0% used [0x00000000d6000000,0x00000000d6000000,0x00000000d6080000)
 ParOldGen       total 570368K, used 570155K [0x0000000080000000, 0x00000000a2d00000, 0x00000000d5580000)
  object space 570368K, 99% used [0x0000000080000000,0x00000000a2ccaea8,0x00000000a2d00000)
 Metaspace       used 114996K, committed 117248K, reserved 1179648K
  class space    used 14405K, committed 15488K, reserved 1048576K
}
Event: 105663.206 GC heap before
{Heap before GC invocations=7075 (full 5):
 PSYoungGen      total 10240K, used 10144K [0x00000000d5580000, 0x00000000d6080000, 0x0000000100000000)
  eden space 9728K, 100% used [0x00000000d5580000,0x00000000d5f00000,0x00000000d5f00000)
  from space 512K, 81% used [0x00000000d5f00000,0x00000000d5f68000,0x00000000d5f80000)
  to   space 512K, 0% used [0x00000000d6000000,0x00000000d6000000,0x00000000d6080000)
 ParOldGen       total 570368K, used 570155K [0x0000000080000000, 0x00000000a2d00000, 0x00000000d5580000)
  object space 570368K, 99% used [0x0000000080000000,0x00000000a2ccaea8,0x00000000a2d00000)
 Metaspace       used 114996K, committed 117248K, reserved 1179648K
  class space    used 14405K, committed 15488K, reserved 1048576K
}
Event: 105663.209 GC heap after
{Heap after GC invocations=7075 (full 5):
 PSYoungGen      total 10240K, used 352K [0x00000000d5580000, 0x00000000d6080000, 0x0000000100000000)
  eden space 9728K, 0% used [0x00000000d5580000,0x00000000d5580000,0x00000000d5f00000)
  from space 512K, 68% used [0x00000000d6000000,0x00000000d6058000,0x00000000d6080000)
  to   space 512K, 0% used [0x00000000d5f00000,0x00000000d5f00000,0x00000000d5f80000)
 ParOldGen       total 570368K, used 570195K [0x0000000080000000, 0x00000000a2d00000, 0x00000000d5580000)
  object space 570368K, 99% used [0x0000000080000000,0x00000000a2cd4ea8,0x00000000a2d00000)
 Metaspace       used 114996K, committed 117248K, reserved 1179648K
  class space    used 14405K, committed 15488K, reserved 1048576K
}
Event: 105668.388 GC heap before
{Heap before GC invocations=7076 (full 5):
 PSYoungGen      total 10240K, used 10080K [0x00000000d5580000, 0x00000000d6080000, 0x0000000100000000)
  eden space 9728K, 100% used [0x00000000d5580000,0x00000000d5f00000,0x00000000d5f00000)
  from space 512K, 68% used [0x00000000d6000000,0x00000000d6058000,0x00000000d6080000)
  to   space 512K, 0% used [0x00000000d5f00000,0x00000000d5f00000,0x00000000d5f80000)
 ParOldGen       total 570368K, used 570195K [0x0000000080000000, 0x00000000a2d00000, 0x00000000d5580000)
  object space 570368K, 99% used [0x0000000080000000,0x00000000a2cd4ea8,0x00000000a2d00000)
 Metaspace       used 114996K, committed 117248K, reserved 1179648K
  class space    used 14405K, committed 15488K, reserved 1048576K
}
Event: 105668.389 GC heap after
{Heap after GC invocations=7076 (full 5):
 PSYoungGen      total 10240K, used 288K [0x00000000d5580000, 0x00000000d6080000, 0x0000000100000000)
  eden space 9728K, 0% used [0x00000000d5580000,0x00000000d5580000,0x00000000d5f00000)
  from space 512K, 56% used [0x00000000d5f00000,0x00000000d5f48000,0x00000000d5f80000)
  to   space 512K, 0% used [0x00000000d6000000,0x00000000d6000000,0x00000000d6080000)
 ParOldGen       total 570368K, used 570251K [0x0000000080000000, 0x00000000a2d00000, 0x00000000d5580000)
  object space 570368K, 99% used [0x0000000080000000,0x00000000a2ce2ea8,0x00000000a2d00000)
 Metaspace       used 114996K, committed 117248K, reserved 1179648K
  class space    used 14405K, committed 15488K, reserved 1048576K
}
Event: 106383.798 GC heap before
{Heap before GC invocations=7077 (full 5):
 PSYoungGen      total 10240K, used 10016K [0x00000000d5580000, 0x00000000d6080000, 0x0000000100000000)
  eden space 9728K, 100% used [0x00000000d5580000,0x00000000d5f00000,0x00000000d5f00000)
  from space 512K, 56% used [0x00000000d5f00000,0x00000000d5f48000,0x00000000d5f80000)
  to   space 512K, 0% used [0x00000000d6000000,0x00000000d6000000,0x00000000d6080000)
 ParOldGen       total 570368K, used 570251K [0x0000000080000000, 0x00000000a2d00000, 0x00000000d5580000)
  object space 570368K, 99% used [0x0000000080000000,0x00000000a2ce2ea8,0x00000000a2d00000)
 Metaspace       used 115012K, committed 117312K, reserved 1179648K
  class space    used 14405K, committed 15488K, reserved 1048576K
}
Event: 106383.814 GC heap after
{Heap after GC invocations=7077 (full 5):
 PSYoungGen      total 10240K, used 384K [0x00000000d5580000, 0x00000000d6080000, 0x0000000100000000)
  eden space 9728K, 0% used [0x00000000d5580000,0x00000000d5580000,0x00000000d5f00000)
  from space 512K, 75% used [0x00000000d6000000,0x00000000d6060000,0x00000000d6080000)
  to   space 512K, 0% used [0x00000000d5f00000,0x00000000d5f00000,0x00000000d5f80000)
 ParOldGen       total 570368K, used 570275K [0x0000000080000000, 0x00000000a2d00000, 0x00000000d5580000)
  object space 570368K, 99% used [0x0000000080000000,0x00000000a2ce8ea8,0x00000000a2d00000)
 Metaspace       used 115012K, committed 117312K, reserved 1179648K
  class space    used 14405K, committed 15488K, reserved 1048576K
}
Event: 111808.965 GC heap before
{Heap before GC invocations=7078 (full 5):
 PSYoungGen      total 10240K, used 10112K [0x00000000d5580000, 0x00000000d6080000, 0x0000000100000000)
  eden space 9728K, 100% used [0x00000000d5580000,0x00000000d5f00000,0x00000000d5f00000)
  from space 512K, 75% used [0x00000000d6000000,0x00000000d6060000,0x00000000d6080000)
  to   space 512K, 0% used [0x00000000d5f00000,0x00000000d5f00000,0x00000000d5f80000)
 ParOldGen       total 570368K, used 570275K [0x0000000080000000, 0x00000000a2d00000, 0x00000000d5580000)
  object space 570368K, 99% used [0x0000000080000000,0x00000000a2ce8ea8,0x00000000a2d00000)
 Metaspace       used 115012K, committed 117312K, reserved 1179648K
  class space    used 14405K, committed 15488K, reserved 1048576K
}
Event: 111809.063 GC heap after
{Heap after GC invocations=7078 (full 5):
 PSYoungGen      total 10240K, used 416K [0x00000000d5580000, 0x00000000d6080000, 0x0000000100000000)
  eden space 9728K, 0% used [0x00000000d5580000,0x00000000d5580000,0x00000000d5f00000)
  from space 512K, 81% used [0x00000000d5f00000,0x00000000d5f68000,0x00000000d5f80000)
  to   space 512K, 0% used [0x00000000d6000000,0x00000000d6000000,0x00000000d6080000)
 ParOldGen       total 570368K, used 570275K [0x0000000080000000, 0x00000000a2d00000, 0x00000000d5580000)
  object space 570368K, 99% used [0x0000000080000000,0x00000000a2ce8ea8,0x00000000a2d00000)
 Metaspace       used 115012K, committed 117312K, reserved 1179648K
  class space    used 14405K, committed 15488K, reserved 1048576K
}
Event: 112800.194 GC heap before
{Heap before GC invocations=7079 (full 5):
 PSYoungGen      total 10240K, used 10144K [0x00000000d5580000, 0x00000000d6080000, 0x0000000100000000)
  eden space 9728K, 100% used [0x00000000d5580000,0x00000000d5f00000,0x00000000d5f00000)
  from space 512K, 81% used [0x00000000d5f00000,0x00000000d5f68000,0x00000000d5f80000)
  to   space 512K, 0% used [0x00000000d6000000,0x00000000d6000000,0x00000000d6080000)
 ParOldGen       total 570368K, used 570275K [0x0000000080000000, 0x00000000a2d00000, 0x00000000d5580000)
  object space 570368K, 99% used [0x0000000080000000,0x00000000a2ce8ea8,0x00000000a2d00000)
 Metaspace       used 115029K, committed 117312K, reserved 1179648K
  class space    used 14405K, committed 15488K, reserved 1048576K
}
Event: 112800.289 GC heap after
{Heap after GC invocations=7079 (full 5):
 PSYoungGen      total 10240K, used 416K [0x00000000d5580000, 0x00000000d6080000, 0x0000000100000000)
  eden space 9728K, 0% used [0x00000000d5580000,0x00000000d5580000,0x00000000d5f00000)
  from space 512K, 81% used [0x00000000d6000000,0x00000000d6068000,0x00000000d6080000)
  to   space 512K, 0% used [0x00000000d5f00000,0x00000000d5f00000,0x00000000d5f80000)
 ParOldGen       total 570368K, used 570275K [0x0000000080000000, 0x00000000a2d00000, 0x00000000d5580000)
  object space 570368K, 99% used [0x0000000080000000,0x00000000a2ce8ea8,0x00000000a2d00000)
 Metaspace       used 115029K, committed 117312K, reserved 1179648K
  class space    used 14405K, committed 15488K, reserved 1048576K
}
Event: 113284.700 GC heap before
{Heap before GC invocations=7080 (full 5):
 PSYoungGen      total 10240K, used 10144K [0x00000000d5580000, 0x00000000d6080000, 0x0000000100000000)
  eden space 9728K, 100% used [0x00000000d5580000,0x00000000d5f00000,0x00000000d5f00000)
  from space 512K, 81% used [0x00000000d6000000,0x00000000d6068000,0x00000000d6080000)
  to   space 512K, 0% used [0x00000000d5f00000,0x00000000d5f00000,0x00000000d5f80000)
 ParOldGen       total 570368K, used 570275K [0x0000000080000000, 0x00000000a2d00000, 0x00000000d5580000)
  object space 570368K, 99% used [0x0000000080000000,0x00000000a2ce8ea8,0x00000000a2d00000)
 Metaspace       used 115032K, committed 117312K, reserved 1179648K
  class space    used 14405K, committed 15488K, reserved 1048576K
}
Event: 113284.710 GC heap after
{Heap after GC invocations=7080 (full 5):
 PSYoungGen      total 10240K, used 512K [0x00000000d5580000, 0x00000000d6100000, 0x0000000100000000)
  eden space 9728K, 0% used [0x00000000d5580000,0x00000000d5580000,0x00000000d5f00000)
  from space 512K, 100% used [0x00000000d5f00000,0x00000000d5f80000,0x00000000d5f80000)
  to   space 1024K, 0% used [0x00000000d6000000,0x00000000d6000000,0x00000000d6100000)
 ParOldGen       total 570368K, used 570283K [0x0000000080000000, 0x00000000a2d00000, 0x00000000d5580000)
  object space 570368K, 99% used [0x0000000080000000,0x00000000a2ceaea8,0x00000000a2d00000)
 Metaspace       used 115032K, committed 117312K, reserved 1179648K
  class space    used 14405K, committed 15488K, reserved 1048576K
}
Event: 113313.341 GC heap before
{Heap before GC invocations=7081 (full 5):
 PSYoungGen      total 10240K, used 10240K [0x00000000d5580000, 0x00000000d6100000, 0x0000000100000000)
  eden space 9728K, 100% used [0x00000000d5580000,0x00000000d5f00000,0x00000000d5f00000)
  from space 512K, 100% used [0x00000000d5f00000,0x00000000d5f80000,0x00000000d5f80000)
  to   space 1024K, 0% used [0x00000000d6000000,0x00000000d6000000,0x00000000d6100000)
 ParOldGen       total 570368K, used 570283K [0x0000000080000000, 0x00000000a2d00000, 0x00000000d5580000)
  object space 570368K, 99% used [0x0000000080000000,0x00000000a2ceaea8,0x00000000a2d00000)
 Metaspace       used 115173K, committed 117504K, reserved 1179648K
  class space    used 14433K, committed 15552K, reserved 1048576K
}
Event: 113313.347 GC heap after
{Heap after GC invocations=7081 (full 5):
 PSYoungGen      total 9216K, used 1014K [0x00000000d5580000, 0x00000000d6400000, 0x0000000100000000)
  eden space 8192K, 0% used [0x00000000d5580000,0x00000000d5580000,0x00000000d5d80000)
  from space 1024K, 99% used [0x00000000d6000000,0x00000000d60fd820,0x00000000d6100000)
  to   space 2560K, 0% used [0x00000000d5d80000,0x00000000d5d80000,0x00000000d6000000)
 ParOldGen       total 571392K, used 571117K [0x0000000080000000, 0x00000000a2e00000, 0x00000000d5580000)
  object space 571392K, 99% used [0x0000000080000000,0x00000000a2dbb420,0x00000000a2e00000)
 Metaspace       used 115173K, committed 117504K, reserved 1179648K
  class space    used 14433K, committed 15552K, reserved 1048576K
}
Event: 113537.014 GC heap before
{Heap before GC invocations=7082 (full 5):
 PSYoungGen      total 9216K, used 9206K [0x00000000d5580000, 0x00000000d6400000, 0x0000000100000000)
  eden space 8192K, 100% used [0x00000000d5580000,0x00000000d5d80000,0x00000000d5d80000)
  from space 1024K, 99% used [0x00000000d6000000,0x00000000d60fd820,0x00000000d6100000)
  to   space 2560K, 0% used [0x00000000d5d80000,0x00000000d5d80000,0x00000000d6000000)
 ParOldGen       total 571392K, used 571117K [0x0000000080000000, 0x00000000a2e00000, 0x00000000d5580000)
  object space 571392K, 99% used [0x0000000080000000,0x00000000a2dbb420,0x00000000a2e00000)
 Metaspace       used 115252K, committed 117568K, reserved 1179648K
  class space    used 14440K, committed 15552K, reserved 1048576K
}
Event: 113537.019 GC heap after
{Heap after GC invocations=7082 (full 5):
 PSYoungGen      total 10240K, used 1728K [0x00000000d5580000, 0x00000000d6180000, 0x0000000100000000)
  eden space 8192K, 0% used [0x00000000d5580000,0x00000000d5580000,0x00000000d5d80000)
  from space 2048K, 84% used [0x00000000d5d80000,0x00000000d5f30010,0x00000000d5f80000)
  to   space 2048K, 0% used [0x00000000d5f80000,0x00000000d5f80000,0x00000000d6180000)
 ParOldGen       total 571392K, used 571173K [0x0000000080000000, 0x00000000a2e00000, 0x00000000d5580000)
  object space 571392K, 99% used [0x0000000080000000,0x00000000a2dc9420,0x00000000a2e00000)
 Metaspace       used 115252K, committed 117568K, reserved 1179648K
  class space    used 14440K, committed 15552K, reserved 1048576K
}
Event: 114196.853 GC heap before
{Heap before GC invocations=7083 (full 5):
 PSYoungGen      total 10240K, used 9920K [0x00000000d5580000, 0x00000000d6180000, 0x0000000100000000)
  eden space 8192K, 100% used [0x00000000d5580000,0x00000000d5d80000,0x00000000d5d80000)
  from space 2048K, 84% used [0x00000000d5d80000,0x00000000d5f30010,0x00000000d5f80000)
  to   space 2048K, 0% used [0x00000000d5f80000,0x00000000d5f80000,0x00000000d6180000)
 ParOldGen       total 571392K, used 571173K [0x0000000080000000, 0x00000000a2e00000, 0x00000000d5580000)
  object space 571392K, 99% used [0x0000000080000000,0x00000000a2dc9420,0x00000000a2e00000)
 Metaspace       used 115252K, committed 117568K, reserved 1179648K
  class space    used 14440K, committed 15552K, reserved 1048576K
}
Event: 114196.872 GC heap after
{Heap after GC invocations=7083 (full 5):
 PSYoungGen      total 10240K, used 1760K [0x00000000d5580000, 0x00000000d6180000, 0x0000000100000000)
  eden space 8192K, 0% used [0x00000000d5580000,0x00000000d5580000,0x00000000d5d80000)
  from space 2048K, 85% used [0x00000000d5f80000,0x00000000d6138010,0x00000000d6180000)
  to   space 2048K, 0% used [0x00000000d5d80000,0x00000000d5d80000,0x00000000d5f80000)
 ParOldGen       total 571392K, used 571173K [0x0000000080000000, 0x00000000a2e00000, 0x00000000d5580000)
  object space 571392K, 99% used [0x0000000080000000,0x00000000a2dc9420,0x00000000a2e00000)
 Metaspace       used 115252K, committed 117568K, reserved 1179648K
  class space    used 14440K, committed 15552K, reserved 1048576K
}

Dll operation events (18 events):
Event: 0.010 Loaded shared library c:\Users\Sadhana\.vscode\extensions\redhat.java-1.53.0-win32-x64\jre\21.0.10-win32-x86_64\bin\java.dll
Event: 0.085 Loaded shared library c:\Users\Sadhana\.vscode\extensions\redhat.java-1.53.0-win32-x64\jre\21.0.10-win32-x86_64\bin\zip.dll
Event: 0.115 Loaded shared library C:\Users\Sadhana\.vscode\extensions\redhat.java-1.53.0-win32-x64\jre\21.0.10-win32-x86_64\bin\instrument.dll
Event: 0.121 Loaded shared library C:\Users\Sadhana\.vscode\extensions\redhat.java-1.53.0-win32-x64\jre\21.0.10-win32-x86_64\bin\net.dll
Event: 0.123 Loaded shared library C:\Users\Sadhana\.vscode\extensions\redhat.java-1.53.0-win32-x64\jre\21.0.10-win32-x86_64\bin\nio.dll
Event: 0.127 Loaded shared library C:\Users\Sadhana\.vscode\extensions\redhat.java-1.53.0-win32-x64\jre\21.0.10-win32-x86_64\bin\zip.dll
Event: 0.149 Loaded shared library C:\Users\Sadhana\.vscode\extensions\redhat.java-1.53.0-win32-x64\jre\21.0.10-win32-x86_64\bin\jimage.dll
Event: 0.228 Loaded shared library c:\Users\Sadhana\.vscode\extensions\redhat.java-1.53.0-win32-x64\jre\21.0.10-win32-x86_64\bin\verify.dll
Event: 1.309 Loaded shared library C:\Users\Sadhana\AppData\Roaming\Code\User\globalStorage\redhat.java\1.53.0\config_win\org.eclipse.equinox.launcher\org.eclipse.equinox.launcher.win32.win32.x86_64_1.3.0.v20260203-2149\eclipse_11919.dll
Event: 2.764 Loaded shared library C:\Users\Sadhana\AppData\Local\Temp\jna--774031070\jna7704798010728195397.dll
Event: 34.120 Loaded shared library C:\Users\Sadhana\.vscode\extensions\redhat.java-1.53.0-win32-x64\jre\21.0.10-win32-x86_64\bin\management.dll
Event: 34.132 Loaded shared library C:\Users\Sadhana\.vscode\extensions\redhat.java-1.53.0-win32-x64\jre\21.0.10-win32-x86_64\bin\management_ext.dll
Event: 39.776 Loaded shared library C:\Users\Sadhana\.gradle\native\1def1411415f61bf3af743bc5b6707747c0891f09f0c88961ee8f79bc544acac\windows-amd64\native-platform.dll
Event: 58.159 Loaded shared library C:\Users\Sadhana\.vscode\extensions\redhat.java-1.53.0-win32-x64\jre\21.0.10-win32-x86_64\bin\extnet.dll
Event: 62.679 Loaded shared library C:\Users\Sadhana\.vscode\extensions\redhat.java-1.53.0-win32-x64\jre\21.0.10-win32-x86_64\bin\sunmscapi.dll
Event: 95342.861 Loaded shared library C:\Users\Sadhana\.gradle\native\c067742578af261105cb4f569cf0c3c89f3d7b1fecec35dd04571415982c5e48\windows-amd64\native-platform.dll
Event: 95612.865 Loaded shared library C:\Users\Sadhana\.gradle\native\1def1411415f61bf3af743bc5b6707747c0891f09f0c88961ee8f79bc544acac\windows-amd64-min\native-platform.dll
Event: 95921.713 Loaded shared library C:\Users\Sadhana\.gradle\native\29\windows-amd64\native-platform.dll

Deoptimization events (20 events):
Event: 104275.129 Thread 0x000001b84d02f1e0 DEOPT PACKING pc=0x000001b86f13ebc2 sp=0x00000010951ff3d0
Event: 104275.140 Thread 0x000001b84d02f1e0 DEOPT UNPACKING pc=0x000001b873e04242 sp=0x00000010951fe8a8 mode 0
Event: 106194.916 Thread 0x000001b84c51c5a0 DEOPT PACKING pc=0x000001b86e89b942 sp=0x000000108cdff260
Event: 106194.918 Thread 0x000001b84c51c5a0 DEOPT UNPACKING pc=0x000001b873e04242 sp=0x000000108cdfe738 mode 0
Event: 107016.167 Thread 0x000001b84b505a60 Uncommon trap: trap_request=0xffffffbe fr.pc=0x000001b875b21d1c relative=0x000000000000357c
Event: 107016.168 Thread 0x000001b84b505a60 Uncommon trap: reason=profile_predicate action=maybe_recompile pc=0x000001b875b21d1c method=org.eclipse.core.internal.localstore.FileSystemResourceManager.allResourcesFor(Ljava/net/URI;ZI)[Lorg/eclipse/core/resources/IResource; @ 189 c2
Event: 107016.169 Thread 0x000001b84b505a60 DEOPT PACKING pc=0x000001b875b21d1c sp=0x000000108e7feef0
Event: 107016.169 Thread 0x000001b84b505a60 DEOPT UNPACKING pc=0x000001b873e03aa2 sp=0x000000108e7feed8 mode 2
Event: 107016.185 Thread 0x000001b84b505a60 Uncommon trap: trap_request=0xffffffbe fr.pc=0x000001b875b21d1c relative=0x000000000000357c
Event: 107016.185 Thread 0x000001b84b505a60 Uncommon trap: reason=profile_predicate action=maybe_recompile pc=0x000001b875b21d1c method=org.eclipse.core.internal.localstore.FileSystemResourceManager.allResourcesFor(Ljava/net/URI;ZI)[Lorg/eclipse/core/resources/IResource; @ 189 c2
Event: 107016.185 Thread 0x000001b84b505a60 DEOPT PACKING pc=0x000001b875b21d1c sp=0x000000108e7feef0
Event: 107016.186 Thread 0x000001b84b505a60 DEOPT UNPACKING pc=0x000001b873e03aa2 sp=0x000000108e7feed8 mode 2
Event: 107016.196 Thread 0x000001b84b505a60 Uncommon trap: trap_request=0xffffffbe fr.pc=0x000001b875b21d1c relative=0x000000000000357c
Event: 107016.197 Thread 0x000001b84b505a60 Uncommon trap: reason=profile_predicate action=maybe_recompile pc=0x000001b875b21d1c method=org.eclipse.core.internal.localstore.FileSystemResourceManager.allResourcesFor(Ljava/net/URI;ZI)[Lorg/eclipse/core/resources/IResource; @ 189 c2
Event: 107016.197 Thread 0x000001b84b505a60 DEOPT PACKING pc=0x000001b875b21d1c sp=0x000000108e7fece0
Event: 107016.197 Thread 0x000001b84b505a60 DEOPT UNPACKING pc=0x000001b873e03aa2 sp=0x000000108e7fecc8 mode 2
Event: 107016.198 Thread 0x000001b84b505a60 Uncommon trap: trap_request=0xffffffbe fr.pc=0x000001b875b21d1c relative=0x000000000000357c
Event: 107016.198 Thread 0x000001b84b505a60 Uncommon trap: reason=profile_predicate action=maybe_recompile pc=0x000001b875b21d1c method=org.eclipse.core.internal.localstore.FileSystemResourceManager.allResourcesFor(Ljava/net/URI;ZI)[Lorg/eclipse/core/resources/IResource; @ 189 c2
Event: 107016.198 Thread 0x000001b84b505a60 DEOPT PACKING pc=0x000001b875b21d1c sp=0x000000108e7fece0
Event: 107016.198 Thread 0x000001b84b505a60 DEOPT UNPACKING pc=0x000001b873e03aa2 sp=0x000000108e7fecc8 mode 2

Classes loaded (20 events):
Event: 95885.044 Loading class sun/security/ssl/SSLEngineOutputRecord$HandshakeMemo
Event: 95885.045 Loading class sun/security/ssl/SSLEngineOutputRecord$RecordMemo
Event: 95885.047 Loading class sun/security/ssl/SSLEngineOutputRecord$RecordMemo done
Event: 95885.047 Loading class sun/security/ssl/SSLEngineOutputRecord$HandshakeMemo done
Event: 95885.732 Loading class sun/security/ssl/PreSharedKeyExtension$SHPreSharedKeySpec
Event: 95885.733 Loading class sun/security/ssl/PreSharedKeyExtension$SHPreSharedKeySpec done
Event: 96102.940 Loading class java/nio/channels/CompletionHandler
Event: 96102.941 Loading class java/nio/channels/CompletionHandler done
Event: 96199.522 Loading class jdk/internal/event/SecurityPropertyModificationEvent
Event: 96199.524 Loading class jdk/internal/event/SecurityPropertyModificationEvent done
Event: 96199.757 Loading class java/util/zip/GZIPInputStream$1
Event: 96199.758 Loading class java/util/zip/GZIPInputStream$1 done
Event: 96261.374 Loading class java/util/TreeMap$AscendingSubMap
Event: 96261.378 Loading class java/util/TreeMap$NavigableSubMap
Event: 96261.379 Loading class java/util/TreeMap$NavigableSubMap done
Event: 96261.380 Loading class java/util/TreeMap$AscendingSubMap done
Event: 96261.383 Loading class java/util/TreeMap$NavigableSubMap$SubMapKeyIterator
Event: 96261.383 Loading class java/util/TreeMap$NavigableSubMap$SubMapIterator
Event: 96261.384 Loading class java/util/TreeMap$NavigableSubMap$SubMapIterator done
Event: 96261.384 Loading class java/util/TreeMap$NavigableSubMap$SubMapKeyIterator done

Classes unloaded (20 events):
Event: 95994.015 Thread 0x000001b8005e4940 Unloading class 0x000001b802016400 'java/lang/invoke/LambdaForm$MH+0x000001b802016400'
Event: 95994.015 Thread 0x000001b8005e4940 Unloading class 0x000001b80200d800 'java/lang/invoke/LambdaForm$MH+0x000001b80200d800'
Event: 95994.015 Thread 0x000001b8005e4940 Unloading class 0x000001b80200d400 'java/lang/invoke/LambdaForm$MH+0x000001b80200d400'
Event: 95994.015 Thread 0x000001b8005e4940 Unloading class 0x000001b80200d000 'java/lang/invoke/LambdaForm$MH+0x000001b80200d000'
Event: 95994.015 Thread 0x000001b8005e4940 Unloading class 0x000001b80200cc00 'java/lang/invoke/LambdaForm$MH+0x000001b80200cc00'
Event: 95994.015 Thread 0x000001b8005e4940 Unloading class 0x000001b80200c800 'java/lang/invoke/LambdaForm$BMH+0x000001b80200c800'
Event: 95994.015 Thread 0x000001b8005e4940 Unloading class 0x000001b80200c000 'java/lang/invoke/LambdaForm$DMH+0x000001b80200c000'
Event: 95994.015 Thread 0x000001b8005e4940 Unloading class 0x000001b802008c00 'java/lang/invoke/LambdaForm$MH+0x000001b802008c00'
Event: 95994.015 Thread 0x000001b8005e4940 Unloading class 0x000001b802008800 'java/lang/invoke/LambdaForm$MH+0x000001b802008800'
Event: 95994.015 Thread 0x000001b8005e4940 Unloading class 0x000001b802008400 'java/lang/invoke/LambdaForm$MH+0x000001b802008400'
Event: 95994.016 Thread 0x000001b8005e4940 Unloading class 0x000001b802007000 'java/lang/invoke/LambdaForm$MH+0x000001b802007000'
Event: 95994.016 Thread 0x000001b8005e4940 Unloading class 0x000001b802006800 'java/lang/invoke/LambdaForm$MH+0x000001b802006800'
Event: 95994.016 Thread 0x000001b8005e4940 Unloading class 0x000001b802006400 'java/lang/invoke/LambdaForm$MH+0x000001b802006400'
Event: 95994.016 Thread 0x000001b8005e4940 Unloading class 0x000001b802006000 'java/lang/invoke/LambdaForm$MH+0x000001b802006000'
Event: 95994.016 Thread 0x000001b8005e4940 Unloading class 0x000001b802005c00 'java/lang/invoke/LambdaForm$BMH+0x000001b802005c00'
Event: 95994.016 Thread 0x000001b8005e4940 Unloading class 0x000001b802004800 'java/lang/invoke/LambdaForm$DMH+0x000001b802004800'
Event: 95994.016 Thread 0x000001b8005e4940 Unloading class 0x000001b802002800 'java/lang/invoke/LambdaForm$MH+0x000001b802002800'
Event: 95994.016 Thread 0x000001b8005e4940 Unloading class 0x000001b802002400 'java/lang/invoke/LambdaForm$MH+0x000001b802002400'
Event: 95994.016 Thread 0x000001b8005e4940 Unloading class 0x000001b802002000 'java/lang/invoke/LambdaForm$MH+0x000001b802002000'
Event: 95994.016 Thread 0x000001b8005e4940 Unloading class 0x000001b802001800 'java/lang/invoke/LambdaForm$MH+0x000001b802001800'

Classes redefined (0 events):
No events

Internal exceptions (20 events):
Event: 113583.942 Thread 0x000001b86570b470 Exception <a 'sun/nio/fs/WindowsException'{0x00000000d5787340}> (0x00000000d5787340) 
thrown [s\src\hotspot\share\prims\jni.cpp, line 520]
Event: 113583.942 Thread 0x000001b86570b470 Exception <a 'sun/nio/fs/WindowsException'{0x00000000d5787a70}> (0x00000000d5787a70) 
thrown [s\src\hotspot\share\prims\jni.cpp, line 520]
Event: 113583.942 Thread 0x000001b86570b470 Exception <a 'sun/nio/fs/WindowsException'{0x00000000d5788d18}> (0x00000000d5788d18) 
thrown [s\src\hotspot\share\prims\jni.cpp, line 520]
Event: 113583.942 Thread 0x000001b86570b470 Exception <a 'sun/nio/fs/WindowsException'{0x00000000d5789448}> (0x00000000d5789448) 
thrown [s\src\hotspot\share\prims\jni.cpp, line 520]
Event: 113583.942 Thread 0x000001b86570b470 Exception <a 'sun/nio/fs/WindowsException'{0x00000000d578a940}> (0x00000000d578a940) 
thrown [s\src\hotspot\share\prims\jni.cpp, line 520]
Event: 113583.942 Thread 0x000001b86570b470 Exception <a 'sun/nio/fs/WindowsException'{0x00000000d578b070}> (0x00000000d578b070) 
thrown [s\src\hotspot\share\prims\jni.cpp, line 520]
Event: 113583.943 Thread 0x000001b86570b470 Exception <a 'sun/nio/fs/WindowsException'{0x00000000d578c4e8}> (0x00000000d578c4e8) 
thrown [s\src\hotspot\share\prims\jni.cpp, line 520]
Event: 113583.943 Thread 0x000001b86570b470 Exception <a 'sun/nio/fs/WindowsException'{0x00000000d578cc18}> (0x00000000d578cc18) 
thrown [s\src\hotspot\share\prims\jni.cpp, line 520]
Event: 113583.943 Thread 0x000001b86570b470 Exception <a 'sun/nio/fs/WindowsException'{0x00000000d578dec0}> (0x00000000d578dec0) 
thrown [s\src\hotspot\share\prims\jni.cpp, line 520]
Event: 113583.943 Thread 0x000001b86570b470 Exception <a 'sun/nio/fs/WindowsException'{0x00000000d578e5f0}> (0x00000000d578e5f0) 
thrown [s\src\hotspot\share\prims\jni.cpp, line 520]
Event: 113583.943 Thread 0x000001b86570b470 Exception <a 'sun/nio/fs/WindowsException'{0x00000000d578f898}> (0x00000000d578f898) 
thrown [s\src\hotspot\share\prims\jni.cpp, line 520]
Event: 113583.943 Thread 0x000001b86570b470 Exception <a 'sun/nio/fs/WindowsException'{0x00000000d578ffc8}> (0x00000000d578ffc8) 
thrown [s\src\hotspot\share\prims\jni.cpp, line 520]
Event: 113583.943 Thread 0x000001b86570b470 Exception <a 'sun/nio/fs/WindowsException'{0x00000000d57911b0}> (0x00000000d57911b0) 
thrown [s\src\hotspot\share\prims\jni.cpp, line 520]
Event: 113583.943 Thread 0x000001b86570b470 Exception <a 'sun/nio/fs/WindowsException'{0x00000000d5791bf8}> (0x00000000d5791bf8) 
thrown [s\src\hotspot\share\prims\jni.cpp, line 520]
Event: 113583.943 Thread 0x000001b86570b470 Exception <a 'sun/nio/fs/WindowsException'{0x00000000d57bafc8}> (0x00000000d57bafc8) 
thrown [s\src\hotspot\share\prims\jni.cpp, line 520]
Event: 113583.943 Thread 0x000001b86570b470 Exception <a 'sun/nio/fs/WindowsException'{0x00000000d57bb6f8}> (0x00000000d57bb6f8) 
thrown [s\src\hotspot\share\prims\jni.cpp, line 520]
Event: 113583.944 Thread 0x000001b86570b470 Exception <a 'sun/nio/fs/WindowsException'{0x00000000d57be558}> (0x00000000d57be558) 
thrown [s\src\hotspot\share\prims\jni.cpp, line 520]
Event: 113583.944 Thread 0x000001b86570b470 Exception <a 'sun/nio/fs/WindowsException'{0x00000000d57bec88}> (0x00000000d57bec88) 
thrown [s\src\hotspot\share\prims\jni.cpp, line 520]
Event: 113583.944 Thread 0x000001b86570b470 Exception <a 'sun/nio/fs/WindowsException'{0x00000000d57c01d0}> (0x00000000d57c01d0) 
thrown [s\src\hotspot\share\prims\jni.cpp, line 520]
Event: 113583.944 Thread 0x000001b86570b470 Exception <a 'sun/nio/fs/WindowsException'{0x00000000d57c0900}> (0x00000000d57c0900) 
thrown [s\src\hotspot\share\prims\jni.cpp, line 520]

ZGC Phase Switch (0 events):
No events

VM Operations (20 events):
Event: 116309.791 Executing non-safepoint VM operation: HandshakeAllThreads (HandshakeForDeflation)
Event: 116309.793 Executing non-safepoint VM operation: HandshakeAllThreads (HandshakeForDeflation) done
Event: 116309.794 Executing non-safepoint VM operation: RendezvousGCThreads
Event: 116309.794 Executing non-safepoint VM operation: RendezvousGCThreads done
Event: 117212.047 Executing non-safepoint VM operation: HandshakeAllThreads (HandshakeForDeflation)
Event: 117212.049 Executing non-safepoint VM operation: HandshakeAllThreads (HandshakeForDeflation) done
Event: 117212.050 Executing non-safepoint VM operation: RendezvousGCThreads
Event: 117212.050 Executing non-safepoint VM operation: RendezvousGCThreads done
Event: 118114.435 Executing non-safepoint VM operation: HandshakeAllThreads (HandshakeForDeflation)
Event: 118114.437 Executing non-safepoint VM operation: HandshakeAllThreads (HandshakeForDeflation) done
Event: 118114.438 Executing non-safepoint VM operation: RendezvousGCThreads
Event: 118114.438 Executing non-safepoint VM operation: RendezvousGCThreads done
Event: 119016.445 Executing non-safepoint VM operation: HandshakeAllThreads (HandshakeForDeflation)
Event: 119016.446 Executing non-safepoint VM operation: HandshakeAllThreads (HandshakeForDeflation) done
Event: 119016.446 Executing non-safepoint VM operation: RendezvousGCThreads
Event: 119016.446 Executing non-safepoint VM operation: RendezvousGCThreads done
Event: 119918.550 Executing non-safepoint VM operation: HandshakeAllThreads (HandshakeForDeflation)
Event: 119918.551 Executing non-safepoint VM operation: HandshakeAllThreads (HandshakeForDeflation) done
Event: 119918.551 Executing non-safepoint VM operation: RendezvousGCThreads
Event: 119918.551 Executing non-safepoint VM operation: RendezvousGCThreads done

Memory protections (0 events):
No events

Nmethod flushes (20 events):
Event: 95994.752 Thread 0x000001b8005e4940 flushing  nmethod 0x000001b86e635b10
Event: 95994.752 Thread 0x000001b8005e4940 flushing  nmethod 0x000001b86e637d10
Event: 95994.752 Thread 0x000001b8005e4940 flushing  nmethod 0x000001b86e673210
Event: 95994.752 Thread 0x000001b8005e4940 flushing  nmethod 0x000001b86e67c110
Event: 95994.752 Thread 0x000001b8005e4940 flushing  nmethod 0x000001b86e683f10
Event: 95994.752 Thread 0x000001b8005e4940 flushing osr nmethod 0x000001b86e685c90
Event: 95994.752 Thread 0x000001b8005e4940 flushing  nmethod 0x000001b86e6a5810
Event: 95994.752 Thread 0x000001b8005e4940 flushing  nmethod 0x000001b86e6daf90
Event: 95994.752 Thread 0x000001b8005e4940 flushing  nmethod 0x000001b86e6dbc10
Event: 95994.752 Thread 0x000001b8005e4940 flushing  nmethod 0x000001b86e6dc410
Event: 95994.752 Thread 0x000001b8005e4940 flushing  nmethod 0x000001b86e6dcc10
Event: 95994.752 Thread 0x000001b8005e4940 flushing  nmethod 0x000001b86e6dd410
Event: 95994.752 Thread 0x000001b8005e4940 flushing  nmethod 0x000001b86e6f7d10
Event: 95994.752 Thread 0x000001b8005e4940 flushing  nmethod 0x000001b86e71aa90
Event: 95994.753 Thread 0x000001b8005e4940 flushing  nmethod 0x000001b86e71d910
Event: 95994.753 Thread 0x000001b8005e4940 flushing  nmethod 0x000001b86e71ee90
Event: 95994.753 Thread 0x000001b8005e4940 flushing  nmethod 0x000001b86e71f290
Event: 95994.753 Thread 0x000001b8005e4940 flushing  nmethod 0x000001b86e735710
Event: 95994.753 Thread 0x000001b8005e4940 flushing  nmethod 0x000001b86e902190
Event: 95994.753 Thread 0x000001b8005e4940 flushing  nmethod 0x000001b86eaa2b90

Events (20 events):
Event: 113284.809 Thread 0x000001b86570bb00 Thread added: 0x000001b86570a0c0
Event: 113285.872 Thread 0x000001b86570bb00 Thread exited: 0x000001b86570bb00
Event: 113285.872 Thread 0x000001b86570a0c0 Thread exited: 0x000001b86570a0c0
Event: 113313.555 Thread 0x000001b86570ade0 Thread exited: 0x000001b86570ade0
Event: 113583.940 Thread 0x000001b86570b470 Thread added: 0x000001b86570bb00
Event: 113583.940 Thread 0x000001b86570bb00 Thread exited: 0x000001b86570bb00
Event: 113583.946 Thread 0x000001b86570b470 Thread added: 0x000001b86570ade0
Event: 113583.946 Thread 0x000001b86570ade0 Thread added: 0x000001b86570ceb0
Event: 113583.946 Thread 0x000001b86570ade0 Thread added: 0x000001b86570d540
Event: 113583.946 Thread 0x000001b86570ade0 Thread added: 0x000001b86570a0c0
Event: 113583.947 Thread 0x000001b86570ade0 Thread added: 0x000001b86570dbd0
Event: 113583.947 Thread 0x000001b86570ade0 Thread added: 0x000001b86570e260
Event: 113583.947 Thread 0x000001b86570ade0 Thread added: 0x000001b86570e8f0
Event: 113583.947 Thread 0x000001b86570e8f0 Thread exited: 0x000001b86570e8f0
Event: 113583.947 Thread 0x000001b86570e260 Thread exited: 0x000001b86570e260
Event: 113583.947 Thread 0x000001b86570dbd0 Thread exited: 0x000001b86570dbd0
Event: 113583.948 Thread 0x000001b86570ade0 Thread exited: 0x000001b86570ade0
Event: 113583.948 Thread 0x000001b86570a0c0 Thread exited: 0x000001b86570a0c0
Event: 113583.948 Thread 0x000001b86570d540 Thread exited: 0x000001b86570d540
Event: 113583.948 Thread 0x000001b86570ceb0 Thread exited: 0x000001b86570ceb0


Dynamic libraries:
0x00007ff615470000 - 0x00007ff61547e000 	c:\Users\Sadhana\.vscode\extensions\redhat.java-1.53.0-win32-x64\jre\21.0.10-win32-x86_64\bin\java.exe
0x00007ffe033a0000 - 0x00007ffe03607000 	C:\WINDOWS\SYSTEM32\ntdll.dll
0x00007ffe020f0000 - 0x00007ffe021b9000 	C:\WINDOWS\System32\KERNEL32.DLL
0x00007ffdffd30000 - 0x00007ffe00121000 	C:\WINDOWS\System32\KERNELBASE.dll
0x00007ffe00420000 - 0x00007ffe0056b000 	C:\WINDOWS\System32\ucrtbase.dll
0x00007ffde6960000 - 0x00007ffde697e000 	c:\Users\Sadhana\.vscode\extensions\redhat.java-1.53.0-win32-x64\jre\21.0.10-win32-x86_64\bin\VCRUNTIME140.dll
0x00007ffde9210000 - 0x00007ffde9228000 	c:\Users\Sadhana\.vscode\extensions\redhat.java-1.53.0-win32-x64\jre\21.0.10-win32-x86_64\bin\jli.dll
0x00007ffe02f60000 - 0x00007ffe03125000 	C:\WINDOWS\System32\USER32.dll
0x00007ffddfec0000 - 0x00007ffde0153000 	C:\WINDOWS\WinSxS\amd64_microsoft.windows.common-controls_6595b64144ccf1df_6.0.26100.8037_none_3e092faae333b53b\COMCTL32.dll
0x00007ffe00570000 - 0x00007ffe00597000 	C:\WINDOWS\System32\win32u.dll
0x00007ffe01140000 - 0x00007ffe011e9000 	C:\WINDOWS\System32\msvcrt.dll
0x00007ffe01250000 - 0x00007ffe0127b000 	C:\WINDOWS\System32\GDI32.dll
0x00007ffe006f0000 - 0x00007ffe0081b000 	C:\WINDOWS\System32\gdi32full.dll
0x00007ffe01090000 - 0x00007ffe01133000 	C:\WINDOWS\System32\msvcp_win.dll
0x00007ffe02690000 - 0x00007ffe026c1000 	C:\WINDOWS\System32\IMM32.DLL
0x00007ffdede80000 - 0x00007ffdede8c000 	c:\Users\Sadhana\.vscode\extensions\redhat.java-1.53.0-win32-x64\jre\21.0.10-win32-x86_64\bin\vcruntime140_1.dll
0x00007ffde69e0000 - 0x00007ffde6a6d000 	c:\Users\Sadhana\.vscode\extensions\redhat.java-1.53.0-win32-x64\jre\21.0.10-win32-x86_64\bin\msvcp140.dll
0x00007ffd342c0000 - 0x00007ffd35061000 	c:\Users\Sadhana\.vscode\extensions\redhat.java-1.53.0-win32-x64\jre\21.0.10-win32-x86_64\bin\server\jvm.dll
0x00007ffe01b90000 - 0x00007ffe01c4b000 	C:\WINDOWS\System32\ADVAPI32.dll
0x00007ffe021c0000 - 0x00007ffe02267000 	C:\WINDOWS\System32\sechost.dll
0x00007ffe02db0000 - 0x00007ffe02ec8000 	C:\WINDOWS\System32\RPCRT4.dll
0x00007ffe026e0000 - 0x00007ffe02754000 	C:\WINDOWS\System32\WS2_32.dll
0x00007ffdfe880000 - 0x00007ffdfe8de000 	C:\WINDOWS\SYSTEM32\POWRPROF.dll
0x00007ffdfcec0000 - 0x00007ffdfcef5000 	C:\WINDOWS\SYSTEM32\WINMM.dll
0x00007ffdf6550000 - 0x00007ffdf655b000 	C:\WINDOWS\SYSTEM32\VERSION.dll
0x00007ffdfe860000 - 0x00007ffdfe874000 	C:\WINDOWS\SYSTEM32\UMPDC.dll
0x00007ffdfeb30000 - 0x00007ffdfeb4b000 	C:\WINDOWS\SYSTEM32\kernel.appcore.dll
0x00007ffdede70000 - 0x00007ffdede7a000 	c:\Users\Sadhana\.vscode\extensions\redhat.java-1.53.0-win32-x64\jre\21.0.10-win32-x86_64\bin\jimage.dll
0x00007ffdfdad0000 - 0x00007ffdfdd12000 	C:\WINDOWS\SYSTEM32\DBGHELP.DLL
0x00007ffe02780000 - 0x00007ffe02b02000 	C:\WINDOWS\System32\combase.dll
0x00007ffe02bd0000 - 0x00007ffe02ca7000 	C:\WINDOWS\System32\OLEAUT32.dll
0x00007ffddaff0000 - 0x00007ffddb02b000 	C:\WINDOWS\SYSTEM32\dbgcore.DLL
0x00007ffdffc80000 - 0x00007ffdffd25000 	C:\WINDOWS\System32\bcryptPrimitives.dll
0x00007ffde6990000 - 0x00007ffde699f000 	c:\Users\Sadhana\.vscode\extensions\redhat.java-1.53.0-win32-x64\jre\21.0.10-win32-x86_64\bin\instrument.dll
0x00007ffde92a0000 - 0x00007ffde92c0000 	c:\Users\Sadhana\.vscode\extensions\redhat.java-1.53.0-win32-x64\jre\21.0.10-win32-x86_64\bin\java.dll
0x00007ffe012b0000 - 0x00007ffe01a0f000 	C:\WINDOWS\System32\SHELL32.dll
0x00007ffe00130000 - 0x00007ffe0029a000 	C:\WINDOWS\System32\wintypes.dll
0x00007ffe00820000 - 0x00007ffe01084000 	C:\WINDOWS\System32\windows.storage.dll
0x00007ffe02cb0000 - 0x00007ffe02da7000 	C:\WINDOWS\System32\SHCORE.dll
0x00007ffe01b20000 - 0x00007ffe01b87000 	C:\WINDOWS\System32\shlwapi.dll
0x00007ffdffba0000 - 0x00007ffdffbc9000 	C:\WINDOWS\SYSTEM32\profapi.dll
0x00007ffde9280000 - 0x00007ffde9298000 	c:\Users\Sadhana\.vscode\extensions\redhat.java-1.53.0-win32-x64\jre\21.0.10-win32-x86_64\bin\zip.dll
0x00007ffde92d0000 - 0x00007ffde92e0000 	C:\Users\Sadhana\.vscode\extensions\redhat.java-1.53.0-win32-x64\jre\21.0.10-win32-x86_64\bin\net.dll
0x00007ffdf9e50000 - 0x00007ffdf9f77000 	C:\WINDOWS\SYSTEM32\WINHTTP.dll
0x00007ffdff0a0000 - 0x00007ffdff10b000 	C:\WINDOWS\system32\mswsock.dll
0x00007ffde9260000 - 0x00007ffde9276000 	C:\Users\Sadhana\.vscode\extensions\redhat.java-1.53.0-win32-x64\jre\21.0.10-win32-x86_64\bin\nio.dll
0x00007ffde6980000 - 0x00007ffde6990000 	c:\Users\Sadhana\.vscode\extensions\redhat.java-1.53.0-win32-x64\jre\21.0.10-win32-x86_64\bin\verify.dll
0x00007ffde0b00000 - 0x00007ffde0b45000 	C:\Users\Sadhana\AppData\Roaming\Code\User\globalStorage\redhat.java\1.53.0\config_win\org.eclipse.equinox.launcher\org.eclipse.equinox.launcher.win32.win32.x86_64_1.3.0.v20260203-2149\eclipse_11919.dll
0x00007ffe03130000 - 0x00007ffe032c5000 	C:\WINDOWS\System32\ole32.dll
0x00007ffdff390000 - 0x00007ffdff3ab000 	C:\WINDOWS\SYSTEM32\CRYPTSP.dll
0x00007ffdfea90000 - 0x00007ffdfeac9000 	C:\WINDOWS\system32\rsaenh.dll
0x00007ffdff150000 - 0x00007ffdff182000 	C:\WINDOWS\SYSTEM32\USERENV.dll
0x00007ffdffb70000 - 0x00007ffdffb9a000 	C:\WINDOWS\SYSTEM32\bcrypt.dll
0x00007ffdff380000 - 0x00007ffdff38c000 	C:\WINDOWS\SYSTEM32\CRYPTBASE.dll
0x00007ffdfe540000 - 0x00007ffdfe573000 	C:\WINDOWS\SYSTEM32\IPHLPAPI.DLL
0x00007ffe01c50000 - 0x00007ffe01c5a000 	C:\WINDOWS\System32\NSI.dll
0x00007ffdd0870000 - 0x00007ffdd08b9000 	C:\Users\Sadhana\AppData\Local\Temp\jna--774031070\jna7704798010728195397.dll
0x00007ffe024d0000 - 0x00007ffe024d8000 	C:\WINDOWS\System32\PSAPI.DLL
0x00007ffdfa540000 - 0x00007ffdfa55d000 	C:\WINDOWS\SYSTEM32\dhcpcsvc6.DLL
0x00007ffdfa510000 - 0x00007ffdfa533000 	C:\WINDOWS\SYSTEM32\dhcpcsvc.DLL
0x00007ffde69d0000 - 0x00007ffde69da000 	C:\Users\Sadhana\.vscode\extensions\redhat.java-1.53.0-win32-x64\jre\21.0.10-win32-x86_64\bin\management.dll
0x00007ffde69c0000 - 0x00007ffde69cc000 	C:\Users\Sadhana\.vscode\extensions\redhat.java-1.53.0-win32-x64\jre\21.0.10-win32-x86_64\bin\management_ext.dll
0x00007ffde8d80000 - 0x00007ffde8da7000 	C:\Users\Sadhana\.gradle\native\1def1411415f61bf3af743bc5b6707747c0891f09f0c88961ee8f79bc544acac\windows-amd64\native-platform.dll
0x00007ffde69a0000 - 0x00007ffde69a9000 	C:\Users\Sadhana\.vscode\extensions\redhat.java-1.53.0-win32-x64\jre\21.0.10-win32-x86_64\bin\extnet.dll
0x00007ffde69b0000 - 0x00007ffde69be000 	C:\Users\Sadhana\.vscode\extensions\redhat.java-1.53.0-win32-x64\jre\21.0.10-win32-x86_64\bin\sunmscapi.dll
0x00007ffe002a0000 - 0x00007ffe00417000 	C:\WINDOWS\System32\CRYPT32.dll
0x00007ffdff5a0000 - 0x00007ffdff5d0000 	C:\WINDOWS\SYSTEM32\ncrypt.dll
0x00007ffdff550000 - 0x00007ffdff58f000 	C:\WINDOWS\SYSTEM32\NTASN1.dll
0x00007ffdf05e0000 - 0x00007ffdf05e8000 	C:\WINDOWS\system32\wshunix.dll
0x00007ffdfe620000 - 0x00007ffdfe74a000 	C:\WINDOWS\SYSTEM32\DNSAPI.dll
0x00007ffdf9e00000 - 0x00007ffdf9e0b000 	C:\Windows\System32\rasadhlp.dll
0x00007ffdfa6a0000 - 0x00007ffdfa726000 	C:\WINDOWS\System32\fwpuclnt.dll
0x00007ffdc6760000 - 0x00007ffdc6787000 	C:\Users\Sadhana\.gradle\native\c067742578af261105cb4f569cf0c3c89f3d7b1fecec35dd04571415982c5e48\windows-amd64\native-platform.dll
0x00007ffdca910000 - 0x00007ffdca937000 	C:\Users\Sadhana\.gradle\native\1def1411415f61bf3af743bc5b6707747c0891f09f0c88961ee8f79bc544acac\windows-amd64-min\native-platform.dll
0x00007ffd8db80000 - 0x00007ffd8dba6000 	C:\Users\Sadhana\.gradle\native\29\windows-amd64\native-platform.dll

JVMTI agents:
c:\Users\Sadhana\.vscode\extensions\redhat.java-1.53.0-win32-x64\lombok\lombok-1.18.39-4050.jar path:c:\Users\Sadhana\.vscode\extensions\redhat.java-1.53.0-win32-x64\jre\21.0.10-win32-x86_64\bin\instrument.dll, loaded, initialized, instrumentlib options:none

dbghelp: loaded successfully - version: 4.0.5 - missing functions: none
symbol engine: initialized successfully - sym options: 0x614 - pdb path: .;c:\Users\Sadhana\.vscode\extensions\redhat.java-1.53.0-win32-x64\jre\21.0.10-win32-x86_64\bin;C:\WINDOWS\SYSTEM32;C:\WINDOWS\WinSxS\amd64_microsoft.windows.common-controls_6595b64144ccf1df_6.0.26100.8037_none_3e092faae333b53b;c:\Users\Sadhana\.vscode\extensions\redhat.java-1.53.0-win32-x64\jre\21.0.10-win32-x86_64\bin\server;C:\Users\Sadhana\AppData\Roaming\Code\User\globalStorage\redhat.java\1.53.0\config_win\org.eclipse.equinox.launcher\org.eclipse.equinox.launcher.win32.win32.x86_64_1.3.0.v20260203-2149;C:\Users\Sadhana\AppData\Local\Temp\jna--774031070;C:\Users\Sadhana\.gradle\native\1def1411415f61bf3af743bc5b6707747c0891f09f0c88961ee8f79bc544acac\windows-amd64;C:\Users\Sadhana\.gradle\native\c067742578af261105cb4f569cf0c3c89f3d7b1fecec35dd04571415982c5e48\windows-amd64;C:\Users\Sadhana\.gradle\native\1def1411415f61bf3af743bc5b6707747c0891f09f0c88961ee8f79bc544acac\windows-amd64-min;C:\Users\Sadhana\.gradle\native\29\windows-amd64

VM Arguments:
jvm_args: --add-modules=ALL-SYSTEM --add-opens=java.base/java.util=ALL-UNNAMED --add-opens=java.base/java.lang=ALL-UNNAMED --add-opens=java.base/sun.nio.fs=ALL-UNNAMED -Declipse.application=org.eclipse.jdt.ls.core.id1 -Dosgi.bundles.defaultStartLevel=4 -Declipse.product=org.eclipse.jdt.ls.core.product -Djava.import.generatesMetadataFilesAtProjectRoot=false -DDetectVMInstallationsJob.disabled=true -Dfile.encoding=utf8 -XX:+UseParallelGC -XX:GCTimeRatio=4 -XX:AdaptiveSizePolicyWeight=90 -Dsun.zip.disableMemoryMapping=true -Xmx2G -Xms100m -Xlog:disable -javaagent:c:\Users\Sadhana\.vscode\extensions\redhat.java-1.53.0-win32-x64\lombok\lombok-1.18.39-4050.jar -XX:+HeapDumpOnOutOfMemoryError -XX:HeapDumpPath=c:\Users\Sadhana\AppData\Roaming\Code\User\workspaceStorage\4b34f7338464304e7377967ecd59ceea\redhat.java -Daether.dependencyCollector.impl=bf 
java_command: c:\Users\Sadhana\.vscode\extensions\redhat.java-1.53.0-win32-x64\server\plugins\org.eclipse.equinox.launcher_1.7.100.v20251111-0406.jar -configuration c:\Users\Sadhana\AppData\Roaming\Code\User\globalStorage\redhat.java\1.53.0\config_win -data c:\Users\Sadhana\AppData\Roaming\Code\User\workspaceStorage\4b34f7338464304e7377967ecd59ceea\redhat.java\jdt_ws --pipe=\\.\pipe\lsp-94a0c2018b43488a432be05ce058622f-sock
java_class_path (initial): c:\Users\Sadhana\.vscode\extensions\redhat.java-1.53.0-win32-x64\server\plugins\org.eclipse.equinox.launcher_1.7.100.v20251111-0406.jar
Launcher Type: SUN_STANDARD

[Global flags]
    uintx AdaptiveSizePolicyWeight                 = 90                                        {product} {command line}
     intx CICompilerCount                          = 12                                        {product} {ergonomic}
    uintx GCTimeRatio                              = 4                                         {product} {command line}
     bool HeapDumpOnOutOfMemoryError               = true                                   {manageable} {command line}
    ccstr HeapDumpPath                             = c:\Users\Sadhana\AppData\Roaming\Code\User\workspaceStorage\4b34f7338464304e7377967ecd59ceea\redhat.java         {manageable} {command line}
   size_t InitialHeapSize                          = 104857600                                 {product} {command line}
   size_t MaxHeapSize                              = 2147483648                                {product} {command line}
   size_t MaxNewSize                               = 715653120                                 {product} {ergonomic}
   size_t MinHeapDeltaBytes                        = 524288                                    {product} {ergonomic}
   size_t MinHeapSize                              = 104857600                                 {product} {command line}
   size_t NewSize                                  = 34603008                                  {product} {ergonomic}
    uintx NonNMethodCodeHeapSize                   = 7602480                                {pd product} {ergonomic}
    uintx NonProfiledCodeHeapSize                  = 122027880                              {pd product} {ergonomic}
   size_t OldSize                                  = 70254592                                  {product} {ergonomic}
    uintx ProfiledCodeHeapSize                     = 122027880                              {pd product} {ergonomic}
    uintx ReservedCodeCacheSize                    = 251658240                              {pd product} {ergonomic}
     bool SegmentedCodeCache                       = true                                      {product} {ergonomic}
   size_t SoftMaxHeapSize                          = 2147483648                             {manageable} {ergonomic}
     bool UseCompressedOops                        = true                           {product lp64_product} {ergonomic}
     bool UseLargePagesIndividualAllocation        = false                                  {pd product} {ergonomic}
     bool UseParallelGC                            = true                                      {product} {command line}

Logging:
Log output configuration:
 #0: stdout all=off uptime,level,tags foldmultilines=false
 #1: stderr all=off uptime,level,tags foldmultilines=false

Release file:
JAVA_VERSION="21.0.10" 
MODULES="java.base java.compiler java.datatransfer java.xml java.prefs java.desktop java.instrument java.logging java.management java.security.sasl java.naming java.rmi java.management.rmi java.net.http java.scripting java.security.jgss java.transaction.xa java.sql java.sql.rowset java.xml.crypto java.se java.smartcardio jdk.accessibility jdk.internal.jvmstat jdk.attach jdk.charsets jdk.internal.opt jdk.zipfs jdk.compiler jdk.crypto.ec jdk.crypto.cryptoki jdk.crypto.mscapi jdk.dynalink jdk.internal.ed jdk.editpad jdk.hotspot.agent jdk.httpserver jdk.internal.le jdk.internal.vm.ci jdk.internal.vm.compiler jdk.internal.vm.compiler.management jdk.jartool jdk.javadoc jdk.jcmd jdk.management jdk.management.agent jdk.jconsole jdk.jdeps jdk.jdwp.agent jdk.jdi jdk.jfr jdk.jshell jdk.jsobject jdk.jstatd jdk.localedata jdk.management.jfr jdk.naming.dns jdk.naming.rmi jdk.net jdk.nio.mapmode jdk.random jdk.sctp jdk.security.auth jdk.security.jgss jdk.unsupported jdk.unsupported.desktop jdk.xml.dom" 

Environment Variables:
JAVA_HOME=C:\Program Files\Java\jdk-17
PATH=C:\Program Files\Java\jdk-17\bin;C:\Windows\System32;C:\Windows;C:\Windows\System32\Wbem;C:\Program Files\nodejs\;C:\Program Files\Git\cmd;C:\Program Files\Android\Android Studio\jbr\bin;C:\MinGW\bin;C:\Users\Sadhana\AppData\Local\Programs\Python\Python314\;C:\Users\Sadhana\AppData\Local\Programs\Python\Python314\Scripts\;C:\Program Files\Docker\Docker\resources\bin;C:\Users\Sadhana\AppData\Local\Android\Sdk\platform-tools;C:\Users\Sadhana\AppData\Local\Android\Sdk\tools\bin;C:\Users\Sadhana\AppData\Local\Android\Sdk\cmdline-tools\latest\bin;C:\Users\Sadhana\AppData\Roaming\npm;C:\Users\Sadhana\AppData\Local\Android\Sdk\platform-tools;C:\Users\Sadhana\AppData\Local\Android\Sdk\emulator;C:\Users\Sadhana\AppData\Local\Android\Sdk\tools;C:\Users\Sadhana\AppData\Local\Android\Sdk\tools\bin;C:\Program Files\MongoDB\Server\8.2\bin;C:\Program Files\MongoDB\mongosh-2.x.x-win32-x64\bin;C:\Users\Sadhana\AppData\Local\Programs\Microsoft VS Code\bin;C:\Program Files\MongoDB\mongosh-2.6.0-win32-x64\bin;C:\Program Files\MySQL\MySQL Shell 8.0\bin\;C:\Users\Sadhana\AppData\Local\Programs\Microsoft VS Code\bin
USERNAME=Sadhana
OS=Windows_NT
PROCESSOR_IDENTIFIER=Intel64 Family 6 Model 183 Stepping 1, GenuineIntel
TMP=C:\Users\Sadhana\AppData\Local\Temp
TEMP=C:\Users\Sadhana\AppData\Local\Temp




Periodic native trim disabled

---------------  S Y S T E M  ---------------

OS:
 Windows 11 , 64 bit Build 26100 (10.0.26100.7920)
OS uptime: 1 days 9:58 hours
Hyper-V role detected

CPU: total 20 (initial active 20) (10 cores per cpu, 2 threads per core) family 6 model 183 stepping 1 microcode 0x133, cx8, cmov, fxsr, ht, mmx, 3dnowpref, sse, sse2, sse3, ssse3, sse4.1, sse4.2, popcnt, lzcnt, tsc, tscinvbit, avx, avx2, aes, erms, clmul, bmi1, bmi2, adx, sha, fma, vzeroupper, clflush, clflushopt, clwb, hv, serialize, rdtscp, rdpid, fsrm, f16c, cet_ibt, cet_ss
Processor Information for processor 0
  Max Mhz: 2600, Current Mhz: 2600, Mhz Limit: 2600
Processor Information for processor 1
  Max Mhz: 2600, Current Mhz: 2600, Mhz Limit: 2600
Processor Information for processor 2
  Max Mhz: 2600, Current Mhz: 2600, Mhz Limit: 2600
Processor Information for processor 3
  Max Mhz: 2600, Current Mhz: 2600, Mhz Limit: 2600
Processor Information for processor 4
  Max Mhz: 2600, Current Mhz: 2600, Mhz Limit: 2600
Processor Information for processor 5
  Max Mhz: 2600, Current Mhz: 1496, Mhz Limit: 2600
Processor Information for processor 6
  Max Mhz: 2600, Current Mhz: 2600, Mhz Limit: 2600
Processor Information for processor 7
  Max Mhz: 2600, Current Mhz: 2600, Mhz Limit: 2600
Processor Information for processor 8
  Max Mhz: 2600, Current Mhz: 2600, Mhz Limit: 2600
Processor Information for processor 9
  Max Mhz: 2600, Current Mhz: 2600, Mhz Limit: 2600
Processor Information for processor 10
  Max Mhz: 2600, Current Mhz: 2600, Mhz Limit: 2600
Processor Information for processor 11
  Max Mhz: 2600, Current Mhz: 1496, Mhz Limit: 2600
Processor Information for processor 12
  Max Mhz: 2600, Current Mhz: 2600, Mhz Limit: 2600
Processor Information for processor 13
  Max Mhz: 2600, Current Mhz: 1505, Mhz Limit: 2600
Processor Information for processor 14
  Max Mhz: 2600, Current Mhz: 2600, Mhz Limit: 2600
Processor Information for processor 15
  Max Mhz: 2600, Current Mhz: 2600, Mhz Limit: 2600
Processor Information for processor 16
  Max Mhz: 2600, Current Mhz: 2600, Mhz Limit: 2600
Processor Information for processor 17
  Max Mhz: 2600, Current Mhz: 2600, Mhz Limit: 2600
Processor Information for processor 18
  Max Mhz: 2600, Current Mhz: 2600, Mhz Limit: 2600
Processor Information for processor 19
  Max Mhz: 2600, Current Mhz: 2600, Mhz Limit: 2600

Memory: 4k page, system-wide physical 16068M (431M free)
TotalPageFile size 65220M (AvailPageFile size 9M)
current process WorkingSet (physical memory assigned to process): 33M, peak: 1792M
current process commit charge ("private bytes"): 1168M, peak: 1908M

vm_info: OpenJDK 64-Bit Server VM (21.0.10+7-LTS) for windows-amd64 JRE (21.0.10+7-LTS), built on 2026-01-20T00:00:00Z by "admin" with MS VC++ 17.12 (VS2022)

END.
